clean_domain,land_area_sqkm,score_infrastructure,score_economic,score_education,score_health,overall_composite_score,rank_infrastructure,rank_economic,rank_education,rank_health,rank_overall
city of manila,41.95656404596501,59.01461264100064,65.54994856871502,71.70417976515105,50.98124817358294,63.99780234638223,1,13,1,2,1
city of makati,24.961649783872907,55.596540068862545,92.2275403810669,45.64515641816369,14.712247605403178,63.672665034723636,2,2,5,35,2
city of san juan,501.9466089032894,35.200496724922594,100.0,41.29765446581999,19.919737381343555,61.11651153582,21,1,19,17,3
city of mandaluyong,11.313086441851144,46.065075620048276,82.9211133076702,38.289345503800874,27.316973036852012,56.98874790771557,8,3,45,8,4
city of las piñas,32.73946385351915,51.19762801719785,74.05015480675138,37.66523118483992,28.074594286617643,54.64323615187176,3,4,47,7,5
city of marikina,22.929545618495773,48.76058321924312,73.1570106305777,34.26018480693103,34.77736519698675,53.49573277847329,5,6,89,4,6
pateros,1.6091693148187722,47.03319860040499,66.71942489298871,34.40007008462362,63.04496693834803,53.35058382228745,7,11,86,1,7
batanes,201.39958009732425,34.441435795401,57.44090273481095,64.45933126446081,50.40704163739629,52.74225702262946,24,23,2,3,8
city of pasig,31.301657993051524,44.32295487465503,74.02970891496943,34.53860085336578,33.38931406259928,52.66620390425291,11,5,83,5,9
city of taguig,35.51769036523292,48.86830867496453,67.40368706564065,35.3494667272482,25.914581887797894,50.60737686558924,4,9,74,9,10
city of parañaque,44.82443419101616,42.29868692774289,71.14831638122251,36.37283287287168,19.94419812848632,50.121626315491284,13,7,67,16,11
city of iloilo,72.7303057760027,42.28540544050946,62.313959227854255,47.24722282703897,24.18705203766902,49.727445961795716,14,16,4,10,12
pasay city,17.884509727648915,44.62834724604304,63.979761562607926,41.04339798453735,23.260922405094288,49.335933173197695,10,15,23,11,13
city of muntinlupa,39.168900600267655,44.94499538247736,67.57772789310783,32.56662173072483,18.325942797326523,48.24158971527634,9,8,105,24,14
city of angeles,121.0258436305647,33.74216764967729,67.08460157274048,33.961196486452714,17.748273087246382,45.534508971853334,26,10,92,25,15
city of caloocan,53.22798383224188,47.553054218078316,56.13952746278286,35.27766007834138,17.39556521609654,44.90304608082773,6,26,75,27,16
city of mandaue,31.203301795736657,37.36963314624283,56.47402621094888,38.31773058299703,18.774180242843084,43.38886944097383,17,25,44,20,17
ilocos norte,3274.675302377456,28.635929173525952,61.039830017191456,39.96014587368414,11.75122728401922,42.740073497081035,46,17,30,57,18
city of baguio,235.54055986235582,25.448890077001384,60.33039518214893,41.914735840725,11.254726678625124,42.09853722015368,72,19,13,68,19
kalinga,2824.9270726386694,27.00559172558488,54.92806584830983,44.04951618191366,22.836323266277187,42.01863564282629,57,28,9,12,20
city of tacloban,106.46513136693434,29.444454855106766,53.02330452781378,45.18725990087096,21.266542044629013,41.993904704582846,42,32,7,14,21
city of valenzuela,46.54886411917272,38.99577340607193,57.73549819557808,30.781230001263577,11.92342319271926,41.73079244933703,16,22,109,53,22
city of lucena,123.13759994100167,33.21384615841172,53.49719430027369,41.33902093516165,15.01237641055964,41.538332134558786,28,31,17,33,23
quezon city,2319.068383249083,22.78963099166361,65.93811045189575,33.45195309091756,9.474956513725017,41.38313585277609,91,12,94,87,24
apayao,3988.5251230166705,32.11790283204565,52.335851338147265,40.551671125304814,20.33360191591819,41.13509421618834,33,37,25,15,25
cavite,1245.0856339058992,33.69856092584978,59.960978752396066,30.492123142619214,10.509658158453657,41.08302833392104,27,20,110,78,26
city of malabon,15.765335956176342,35.03858518280857,55.47068663912014,32.89558460857299,18.41861024693456,41.0136781281869,22,27,103,23,27
rizal,1200.29800196424,27.30865113355408,64.44169357894611,29.609615524238663,9.920353276038945,40.99827942363053,53,14,114,86,28
pampanga (excluding city of angeles),1993.1191544300445,27.596866719102607,60.682669632870976,32.87959135795219,11.423957839540547,40.534578156366145,52,18,104,64,29
city of olongapo,141.09828100581726,30.60236564173251,53.69144325293238,38.60169256878763,11.873759960091228,39.96496784981211,38,30,40,54,30
ifugao,2506.494789929069,32.53546487908896,46.68321278994345,44.329346488463784,17.098679974344233,39.59935595529999,30,53,8,28,31
city of bacolod,247.75300680021851,34.518404702242115,51.87563133326821,36.46160741776659,10.025133300446372,39.49776889335409,23,40,66,84,32
laguna,1792.5582281656712,26.4686388296817,58.84177240113373,32.24044695232112,12.28364091892213,39.44234449784641,62,21,107,47,33
mountain province,2112.353853191431,26.862885392250213,43.36869557898934,48.74597733379574,31.29554093306539,39.37924800641376,59,63,3,6,34
city of lapu-lapu (opon),67.50795361380904,32.50995218259064,56.69391401473133,30.043026248110127,8.454472962925138,39.161257509860235,31,24,111,97,35
batangas,2725.5539275990723,28.860982414786424,54.65382830783625,34.11208731652004,14.89566171039646,39.09436492700076,43,29,90,34,36
biliran,533.6769476651126,43.58109810108854,44.03793667654265,38.91453508287405,8.48011101032764,39.08709406764048,12,61,38,96,37
ilocos sur,2396.736849641677,27.687416130289645,49.71287224237498,39.75028543349325,22.748273834063998,39.01940167130211,50,45,31,13,38
aurora,3030.6853840932263,35.72356307036829,43.13403263287664,45.476093632917774,12.037169089996052,38.757244137971774,20,64,6,52,39
city of cebu,291.58862800038884,27.18442288147187,52.71464741024231,38.05641507879658,13.306966484164512,38.72676510258049,56,34,46,40,40
siquijor,279.8766552478987,28.65477722597966,50.51123438878169,40.721666436218506,11.502914483942494,38.698896119456464,45,43,24,62,41
camiguin,243.51819622631953,36.08387440442522,45.0459972713277,41.192707631345016,12.388506388451209,38.57639505631876,19,56,22,44,42
benguet (excluding city of baguio),2774.6954100152507,28.26287221502099,49.51551563613531,41.2278264314464,13.138359752198363,38.49271689129081,47,46,21,41,43
city of puerto princesa,2171.647594248591,32.15855325609757,50.35736024248833,36.013822128493395,11.75337055806657,38.361374998949735,32,44,72,56,44
bataan,1244.9572602486448,29.591479707037955,52.80309222084314,33.43802191494811,11.8602987648769,38.06464217032146,41,33,95,55,45
southern leyte,1632.602635997821,31.468854023873472,44.945454786755846,41.53781110428063,16.586257502087527,37.88847394694962,36,57,16,30,46
la union,1361.9860636977558,22.929597092422235,52.653447928631515,38.56981310632225,11.675936578819785,37.603825379020705,90,35,41,60,47
city of butuan,653.2203253365496,26.143199040840116,49.23543029545826,39.32458112199495,13.906384913164088,37.45175565020848,65,49,35,39,48
aklan,1685.5169694559422,25.692827146064534,49.40935318768594,39.54333303481918,10.619661985408602,37.134747518836164,68,47,32,76,49
tarlac,2971.6426475814606,26.507441302147207,51.8688388659517,33.152111396640485,10.40086554293269,36.70251027537088,61,41,98,79,50
city of general santos (dadiangas),523.7788471715304,31.65852222604962,48.213805175217594,33.801202977653595,10.195851064115997,36.67003847742444,35,50,93,81,51
city of navotas,10.537326621458758,27.30615094926929,51.148337117056705,32.96583218080986,10.917563887701155,36.61908701811259,54,42,100,72,52
city of davao,2355.098616323669,25.213289662745836,52.07813870185938,34.05550298924026,8.880879697376,36.53654161347787,74,39,91,92,53
catanduanes,1464.8674711911299,40.241366874210335,34.74066537580769,42.457250224836244,19.360275745449332,36.50694799962965,15,93,12,18,54
surigao del norte,1986.2759879971525,26.998264444912056,46.59004220776889,38.7422743304867,12.433953197950979,36.31454689675234,58,54,39,43,55
city of cagayan de oro,508.5678136027711,26.599665976122445,52.088041135423865,29.97996021986122,13.074267710629714,36.28754977422844,60,38,112,42,56
marinduque,922.7556608856623,30.947690615999246,42.330063433041296,41.670586413161345,7.3781643267837485,35.82441106318504,37,68,14,106,57
bulacan,2704.741852168529,24.585877569317688,52.54428567365665,29.653408656671886,12.256350616549518,35.80317088761501,80,36,113,48,58
guimaras,596.6233716202555,29.65771972095187,44.895577551524745,36.54184168200324,10.703427833027753,35.578464154651456,40,58,65,74,59
city of iligan,533.967379138229,21.361972928308315,49.30707683776165,36.27000412400406,14.246406035973036,35.555465601780064,98,48,69,37,60
quirino,2768.0673991759854,28.8559845344215,44.66659040412693,36.88064190149266,12.295975081178593,35.53039027874717,44,59,57,46,61
abra,3857.94845000218,24.84487605746827,41.45445371078347,43.4888487587346,17.696413253685044,35.43485401373261,76,71,11,26,62
cagayan,8798.31701024346,21.680021679343763,47.42740175382337,37.61261371715412,14.067236901397767,35.200843240793596,95,51,48,38,63
city of isabela (not a province),219.91717734930495,23.32932489095149,43.98154377671095,36.55219339445311,19.29744401381839,34.492741483417376,87,62,64,19,64
nueva vizcaya,3735.9434753207315,23.860109957685566,44.258910327644465,37.523820687205166,12.309646066556079,34.28051139893608,84,60,49,45,65
nueva ecija,5392.678477375636,23.368624976655926,47.25211798743491,34.30794578757611,9.372045752051566,34.25719446123713,86,52,87,89,66
isabela,10280.436259365046,23.27238096872201,43.096304815807095,37.49881138884096,15.622260284510366,33.99354604416462,88,65,51,32,67
eastern samar,4273.508372251808,37.24221842789,30.734523850662125,41.299813944095646,18.468264849277546,33.776144118189016,18,102,18,22,68
antique,2737.221510265432,27.953660498597355,41.17924217045449,36.74163891955136,9.158705455049729,33.561392268223955,49,73,59,90,69
capiz,2652.9327917001074,24.632288024466785,40.76573321744277,39.96767315751745,10.027542469672827,33.459037829440454,78,75,29,83,70
albay,2474.2967111883677,27.241276798372727,37.841578079553976,41.235683342485544,10.74915843771259,33.330787110807414,55,82,20,73,71
iloilo (excluding city of iloilo),4611.265752367081,24.429365299374695,42.46731322514034,37.276140167288304,8.114539463411836,33.224755603063066,82,66,53,101,72
bohol,3979.5271613999544,25.54558383648995,38.92836310178396,40.123098331627055,12.244809289591153,33.212996711701955,70,78,28,49,73
northern samar,3454.792953206514,31.874043997714995,35.023626657701286,40.419115401700736,9.933682980022674,33.07610881093672,34,91,27,85,74
romblon,1310.1825999472212,33.975516718479184,30.851715801022145,43.59836879784911,12.048895757657965,32.939047275256726,25,101,10,51,75
pangasinan,5155.023090996091,24.529400101251635,41.801032294173055,35.601899179890914,11.57610076502329,32.91084781445719,81,69,73,61,76
zambales (excluding city of olongapo),3587.604284982658,24.872254209216337,42.44032526261565,34.91309561762995,9.011755387756544,32.82364310053349,75,67,80,91,77
quezon (excluding city of lucena),8244.912319057114,25.815121216503716,40.30503034803336,36.71241995883805,10.59206990860223,32.81310442390901,67,76,60,77,78
city of zamboanga,1497.6357078118806,21.8573730515218,45.1624878062812,33.36555741822445,8.735592726723032,32.74428701262135,94,55,96,94,79
davao del norte,3266.3037493796483,25.22002362101342,41.75138086986756,34.281902279311325,11.47712989063823,32.72374681209203,73,70,88,63,80
davao del sur (excluding city of davao),1931.5214790193033,25.571416523518476,41.21615947346454,33.01089035017239,14.668980874596368,32.59893859526817,69,72,99,36,81
davao de oro (compostela valley),4384.421750123769,26.359126328749483,41.089354526857406,34.69601719278613,7.80510985158997,32.480038676285865,63,74,82,103,82
cotabato (north cotabato),5340.663975003558,24.616504558393586,38.97593091471593,35.22138994299454,18.59456084195131,32.409302075428535,79,77,77,21,83
oriental mindoro,4116.6503697385115,22.95182892777477,37.595898859613484,39.20473068453174,11.419445703438234,31.719444017265847,89,84,36,65,84
occidental mindoro,5971.943088601029,30.4292791812624,34.097565015631204,36.61500658829401,7.291948133124222,31.129292261954006,39,95,62,107,85
south cotabato (excluding city of general santos),3613.941092879877,25.947841448966198,37.17721193401561,34.4525375027504,11.170639677805125,31.088043479315907,66,86,84,71,86
dinagat islands,810.315297298249,33.04738194602896,31.432005294398735,37.4763619469377,8.585722963114543,31.062310387312614,29,100,52,95,87
surigao del sur,4734.893659386895,19.162863230330213,38.42421394896523,38.43704192464053,12.05439477599296,30.975101345928078,107,81,43,50,88
misamis oriental (excluding city of cagayan de oro),2884.3258161293898,21.65866110666367,37.60463147441973,37.502691317998234,10.353220025673751,30.867512698500747,96,83,50,80,89
camarines sur,5286.762220078042,21.254518948573907,37.2954512716358,39.1178731318434,8.344937836867208,30.845772312445366,99,85,37,100,90
sultan kudarat,4239.686535712146,27.972990356263043,32.52927276024394,36.889153667328635,16.169337101779284,30.844178820173422,48,96,56,31,91
misamis occidental,1874.978195647993,19.045555448787145,35.61280770963767,40.47205416909423,17.02580751679445,30.827106240004856,108,89,26,29,92
leyte (excluding city of tacloban),5492.209634406507,27.6332829612011,32.359244911712715,39.437190324312134,8.398539940344907,30.551170280097885,51,97,33,99,93
camarines norte,2123.04446830068,19.34145634559641,36.89746984602086,36.13609850457421,11.70102227590674,29.798478878541676,105,87,71,59,94
masbate,3996.6176774222617,20.777317287022925,36.67816266448568,36.56129735761348,7.1178408941090066,29.717702816364277,101,88,63,108,95
palawan (excluding city of puerto princesa),11309.929391200605,26.275047597767166,31.854360915548018,36.8405865852571,11.246851363304197,29.645338048305696,64,99,58,69,96
"cebu (excluding the cities of cebu, lapu-lapu and mandaue)",4490.524633615771,21.02624823915821,38.63763296355112,32.903547748061285,4.930179923082185,29.43052017453354,100,79,102,114,97
lanao del sur,3742.1306787979497,19.362118104669026,38.603169635628554,32.45722837769996,8.41916775380804,29.23802125022447,104,80,106,98,98
bukidnon,8752.598123736456,24.669353494429895,32.022900505895876,34.825048329462774,11.176243664052175,28.800385024736734,77,98,81,70,99
samar (western samar),5406.666604328337,22.538334304027934,28.789956820017082,41.6630391143145,10.692997595327878,28.63562584212523,92,106,15,75,100
zamboanga sibugay,2728.102500659148,13.96927630181905,35.323806101537194,36.6541281755657,11.743177902322948,27.95969135019336,118,90,61,58,101
agusan del norte (excluding city of butuan),2039.1796164290488,17.929425870913043,34.98630809130282,36.20310170815228,4.199746122557045,27.947629743543164,112,92,70,116,102
agusan del sur,8508.714556011251,23.452208322498198,29.6519281547439,36.96413715439426,8.804262403013604,27.845283871422033,85,105,55,93,103
sorsogon,1991.2347611995253,18.91126342665787,28.260262070295227,39.406471257373255,11.37677430562527,27.0212159296884,109,108,34,67,104
negros occidental (excluding city of bacolod),7504.784307137316,21.42568144227256,29.787969010472082,35.0549871395066,6.614661641234347,26.696820913757062,97,104,78,111,105
negros oriental,5139.809482738566,17.977591805180847,30.668613068988854,36.32377795446787,7.902022511272835,26.632989918635005,111,103,68,102,106
sarangani,3719.208203350931,25.471746306739767,27.241849421268928,33.31061296578445,7.573879996525506,26.349717586291177,71,109,97,105,107
sulu,1515.690665842951,19.316018477057973,34.2717566574834,28.420135552228388,4.982027018394677,26.14094387215442,106,94,115,113,108
davao occidental,1972.6533429983567,19.98862204680256,28.78494599177545,34.401015284765684,7.620214339230669,25.87340916352531,102,107,85,104,109
davao oriental,5031.158160572124,22.090609732953638,24.926097488639925,35.2527150148685,6.14768512436142,24.92103869484765,93,112,76,112,110
zamboanga del norte,6290.228840894739,19.510693454543038,22.644294315781707,38.554756385851654,9.393156435385434,24.5133958299499,103,114,42,88,111
zamboanga del sur (excluding city of zamboanga),3875.082035574496,16.1050871070402,24.49979023011449,37.18188357300401,11.412781581607359,24.262936920217584,115,113,54,66,112
lanao del norte (excluding city of iligan),2045.988807087329,16.78595946921688,26.553974393035308,32.92336919780398,10.159919581522876,24.064913882121626,114,110,101,82,113
cotabato city,86.3724983092634,24.132212973705773,25.521617408724406,27.971124578914697,0.46021892351053434,23.280503243995934,83,111,116,119,114
basilan,1134.410018809301,18.864635469303202,20.983720920237488,31.39225881050639,4.118712215825911,21.369583159629986,110,116,108,117,115
maguindanao del norte,2472.731487813438,14.417713368206392,21.005083861811357,27.65259863742724,6.627622398135618,19.582373785946515,117,115,117,110,116
tawi-tawi,1154.9901366154122,7.919071628676913,20.172460997546157,35.01159511956761,4.734298201003631,19.27508090617996,119,117,79,115,117
maguindanao del sur,2469.313851491259,17.20604412601367,18.51258973047674,22.046901994180985,7.025874065546176,17.920859828793976,113,119,118,109,118
special geographic area,544.9893547591597,15.450541070108399,20.0,15.200026252819661,0.6867906618728787,15.731320896919303,116,118,119,118,119
