clean_domain,land_area_sqkm,raw_domain_name,total_population,household_population,number_of_households,avg_household_size,total_schools,public_schools,private_schools,total_enrollment,Enrollment,Master Teacher IV,Master Teacher III,Master Teacher II,Master Teacher I,Teacher III,Teacher II,Teacher I,SPED Teacher V,SPED Teacher IV,SPED Teacher III,SPED Teacher II,SPED Teacher I,Instructor III,Instructor II,Instructor I,Special Science Teacher I,2023_all_income_groups,2023_1st_decile,2023_2nd_decile,2023_3rd_decile,2023_4th_decile,2023_5th_decile,2023_6th_decile,2023_7th_decile,2023_8th_decile,2023_9th_decile,2023_10th_decile,2023_exp_all_income_groups,2023_exp_1st_decile,2023_exp_2nd_decile,2023_exp_3rd_decile,2023_exp_4th_decile,2023_exp_5th_decile,2023_exp_6th_decile,2023_exp_7th_decile,2023_exp_8th_decile,2023_exp_9th_decile,2023_exp_10th_decile,poverty_threshold_2023,family_poverty_incidence_2023_pct,higher_ed_enrolment,higher_ed_graduates,higher_ed_faculty,total_heis,health_bhs,health_rhu,health_hospital,health_cho,health_infirmary,health_birthinghomes,health_no_license,health_license,health_government,health_private,health_total,osm_nodes_count,osm_edges_count,osm_total_road_km,osm_bridges_count,osm_primary_road_km,osm_secondary_road_km,osm_tertiary_road_km,osm_trunk_motorway_km,osm_residential_road_km,osm_other_road_km,osm_avg_segment_length_m,road_density_km_per_100k,primary_road_ratio,bridges_per_100k,road_density_per_sqkm,bridges_per_100sqkm,basic_teachers_total,basic_enrolment_total,basic_schools_count,basic_schools_per_100k,basic_schools_per_10sqkm,basic_student_teacher_ratio,hei_count,hei_faculty_total,hei_enrolment_total,hei_graduates_total,hei_per_100k,hei_per_100sqkm,higher_ed_student_faculty_ratio,higher_ed_graduates_per_100k,aggregated_primary_health_total,aggregated_all_health_facilities_total,primary_health_per_100k,hospitals_per_100k,hospitals_per_100sqkm,primary_health_per_100sqkm
abra,3857.94845000218,Abra,246948,246214,64201.0,3.8,337,304,31,53161,45519,0.0,2.0,77.0,139.0,1535.0,306.0,541.0,0.0,0.0,2.0,0.0,2.0,0.0,0.0,0.0,4.0,274.21,141.39,182.15,191.33,214.83,230.19,230.69,265.72,290.61,359.89,633.86,224.48,141.85,175.78,179.0,189.74,198.3,192.9,223.29,232.3,267.2,443.52,30758.62,9.4,12350,2428,442,5,173,27,4,0,5,5,2,38,1,3,214,2726,6610,3182.034,216,214.509,152.427,920.627,0.0,847.874,1046.597,481.4,1288.5441469459158,0.06741254178930835,87.46780698770591,0.824799512289544,5.598830642744279,2608,53161,337,136.465976642856,0.8735212623170473,20.383819018404907,5,442,12350,2428,2.024717754345044,0.1296025611746361,27.941176470588236,983.2029415099536,1351,1360,547.2162147112645,1.6197742034760356,0.10368204893970888,35.027411988991446
agusan del norte (excluding city of butuan),2039.1796164290488,Agusan del Norte,404100,403614,98048.0,4.1,275,244,30,100284,91050,0.0,0.0,47.0,185.0,1655.0,675.0,1404.0,0.0,0.0,5.0,7.0,30.0,0.0,0.0,0.0,10.0,247.8,118.15,144.94,152.14,180.16,193.91,205.95,236.77,265.02,344.06,634.57,209.88,119.51,141.46,145.95,169.38,182.32,184.88,214.17,222.22,279.11,438.56,29101.36,17.2,13886,2846,443,6,168,11,0,1,9,15,0,32,0,0,204,3773,9391,2607.561,246,14.528,306.103,546.632,170.134,718.53,851.635,277.67,645.2761692650334,0.00557148998623618,60.87602078693392,1.2787304163849402,12.063674921917274,4018,100284,275,68.05246226181637,1.3485815461492887,24.958685913389747,6,443,13886,2846,1.4847809948032664,0.29423597370529936,31.345372460496613,704.281118535016,1088,1097,269.3395307616841,0.0,0.0,53.37445681778349
agusan del sur,8508.714556011251,Agusan del Sur,740531,737524,187718.0,3.9,658,591,66,201450,188770,0.0,2.0,138.0,423.0,3113.0,1315.0,3462.0,0.0,0.0,4.0,4.0,30.0,0.0,0.0,0.0,65.0,224.15,117.9,140.17,150.77,155.48,170.44,179.59,201.0,205.11,280.25,638.58,198.15,118.67,135.96,144.31,149.24,159.98,168.08,185.42,189.47,245.29,483.61,29210.13,23.4,18028,3524,534,11,267,15,5,0,5,26,0,46,3,2,318,7791,19090,7842.52,443,454.834,473.323,2249.532,322.331,1709.514,2632.987,410.82,1059.0400671950263,0.05799589927727312,59.821938581909464,0.921704441766636,5.206426859002205,8556,201450,658,88.85515933836665,0.7733248020820431,23.544880785413746,11,534,18028,3524,1.4854205968419958,0.1292792222325604,33.760299625468164,475.8747439337448,2370,2380,320.1254888911401,0.6751911803827253,0.05876328283298199,27.861182421093712
aklan,1685.5169694559422,Aklan,634422,629082,161855.0,3.9,470,380,88,140862,123883,0.0,4.0,120.0,297.0,2772.0,845.0,1835.0,0.0,0.0,0.0,5.0,26.0,0.0,0.0,0.0,37.0,329.01,176.29,196.43,221.12,246.66,259.54,268.26,286.73,335.0,486.85,812.01,247.56,169.87,177.09,190.05,207.65,217.7,215.45,221.52,248.91,351.61,475.07,30137.76,3.1,33325,5287,1221,16,140,21,7,0,7,13,18,45,2,5,188,7455,17443,4001.723,469,241.585,268.146,717.039,0.0,1470.156,1304.798,229.42,630.766745163314,0.060370245516743665,73.92555743653278,2.374181377296778,27.8252909047475,5941,140862,470,74.08318122637613,2.7884619883222443,23.710149806429893,16,1221,33325,5287,2.5219806374936558,0.9492636555990619,27.29320229320229,833.3569769018098,1658,1672,261.4776352671721,1.1033665289034744,0.4153028493245896,98.41916001297545
albay,2474.2967111883677,Albay,1379398,1377632,339427.0,4.1,858,732,125,354404,329747,0.0,6.0,256.0,640.0,6749.0,2595.0,4086.0,3.0,0.0,35.0,11.0,31.0,0.0,0.0,0.0,184.0,292.12,151.76,184.25,197.78,200.11,227.58,233.28,259.77,308.5,418.58,737.54,215.64,133.59,154.86,161.7,164.24,180.53,182.69,197.24,228.45,286.88,465.04,35164.05,18.1,98607,19370,3257,52,204,18,17,2,15,57,1,100,5,12,313,11329,28663,6528.06,912,551.664,339.78,1335.356,114.619,2474.769,1711.871,227.75,473.25427469084343,0.08450657622632145,66.11579834101543,2.638349705789598,36.858958583102996,14596,354404,858,62.2010471234553,3.467652024594558,24.280898876404493,52,3257,98607,19370,3.769760431724564,2.1016072876330654,30.275406816088424,1404.2357608174,2919,2951,211.6625295344817,1.2324216796022613,0.6870639209569638,117.99994260776336
antique,2737.221510265432,Antique,643173,641322,166053.0,3.9,610,538,70,150418,137856,0.0,1.0,107.0,312.0,1415.0,1565.0,3147.0,0.0,0.0,0.0,1.0,23.0,0.0,0.0,0.0,20.0,306.64,136.58,163.68,184.35,197.91,227.21,224.8,287.95,288.86,474.05,878.78,216.38,122.74,135.29,148.7,159.68,172.1,164.88,209.72,205.51,306.72,537.2,32905.44,13.8,31517,5889,712,9,311,19,4,0,9,24,21,55,3,1,367,5809,14801,3836.79,450,400.147,208.431,995.552,0.0,1186.192,1046.468,259.23,596.540899571344,0.10429212961876985,69.965623556959,1.4017097211938618,16.44002863167486,6591,150418,610,94.84228971054443,2.2285372145159252,22.821726596874527,9,712,31517,5889,1.3993124711391802,0.3288005726334972,44.265449438202246,915.6167936154036,2279,2292,354.34802563619127,0.6219166538396357,0.14613358783710986,83.26219921836197
apayao,3988.5251230166705,Apayao,126587,126382,30225.0,4.2,207,200,7,28036,27408,0.0,1.0,27.0,89.0,824.0,192.0,440.0,0.0,0.0,0.0,0.0,8.0,0.0,0.0,0.0,3.0,374.14,172.98,196.34,212.61,233.91,257.58,259.02,351.24,391.36,494.63,1162.24,253.76,184.4,189.69,190.37,198.45,204.13,203.69,244.08,246.93,303.79,568.38,29883.56,4.0,6333,741,121,2,134,7,2,0,5,6,0,20,2,0,154,1789,4262,2120.765,206,238.006,309.966,223.849,0.0,509.891,839.053,497.6,1675.3418597486314,0.11222648431108587,162.73393002441009,0.5317165956312158,5.164816408231484,1584,28036,207,163.52390055850918,0.5189888332543289,17.699494949494948,2,121,6333,741,1.579941068198156,0.05014384862360665,52.33884297520661,585.3681657674169,932,939,736.2864191360594,1.579941068198156,0.05014384862360665,23.36810877818477
aurora,3030.6853840932263,Aurora,240824,239990,62823.0,3.8,294,255,39,82396,73893,0.0,5.0,62.0,151.0,1694.0,524.0,965.0,0.0,0.0,8.0,2.0,23.0,0.0,0.0,0.0,7.0,305.27,147.13,177.35,191.61,193.05,222.16,234.1,249.84,315.89,416.21,903.12,234.77,137.61,161.99,167.43,164.68,188.18,190.32,195.59,251.79,302.86,586.0,33171.63,11.0,12944,3025,527,10,119,8,2,0,3,4,4,9,1,1,136,4553,11894,2677.979,276,364.111,206.981,275.136,0.0,935.812,895.939,225.15,1112.0066936850149,0.13596484513134718,114.60651762282829,0.8836215775004453,9.106850927140316,3441,82396,294,122.08085572866491,0.9700775987605987,23.945364719558267,10,527,12944,3025,4.152410058798127,0.3299583669253737,24.561669829222012,1256.1040427864334,1136,1141,471.7349322855802,0.8304820117596252,0.06599167338507475,37.4849510704764
basilan,1134.410018809301,Basilan,541947,541749,105684.0,5.1,258,236,21,87351,78169,0.0,0.0,2.0,28.0,36.0,78.0,1963.0,0.0,0.0,0.0,0.0,0.0,0.0,0.0,0.0,0.0,197.82,165.42,166.24,173.83,189.79,176.51,188.94,182.36,189.81,209.84,335.08,155.02,143.02,138.08,144.03,155.68,143.7,152.37,140.58,146.21,159.93,226.48,31576.7,33.7,0,0,65,4,177,15,1,0,2,11,2,15,1,0,206,1197,2791,1724.853,116,199.112,52.369,399.975,0.0,318.925,754.472,618.01,318.2696831978035,0.1154370836239378,21.40430706323681,1.5204846320120124,10.225579647273909,2107,87351,258,47.60613122685429,2.274309956031611,41.457522543901284,4,65,0,0,0.7380795539047176,0.35260619473358307,0.0,0.0,1025,1028,189.29534459695984,0.1845198884761794,0.08815154868339577,90.43294965427671
bataan,1244.9572602486448,Bataan,891440,887772,246157.0,3.6,327,239,87,206747,180429,0.0,1.0,145.0,376.0,2364.0,1390.0,1956.0,0.0,0.0,4.0,5.0,56.0,0.0,0.0,0.0,58.0,387.33,171.24,214.86,236.54,293.56,319.31,342.43,373.08,439.84,539.15,940.88,283.2,171.15,202.29,204.64,240.96,253.5,260.56,260.75,295.76,387.34,553.59,35822.39,6.6,36712,5792,1316,21,244,28,14,0,2,16,0,50,5,9,304,13036,32700,4647.961,473,352.892,223.049,431.179,77.213,2647.757,915.873,142.14,521.3991968051693,0.07592404497369921,53.06021717670286,3.733430173395432,37.99327214699175,6355,206747,327,36.682222022794576,2.6265961928258568,32.53296616837136,21,1316,36712,5792,2.355739028986808,1.686804894475321,27.896656534954406,649.7352598043615,1307,1323,146.6513526671027,1.5704926859912054,1.1245365963168805,105.00832919794554
batanes,201.39958009732425,Batanes,18937,18595,6246.0,3.0,28,27,1,4048,3914,0.0,0.0,12.0,25.0,173.0,95.0,106.0,0.0,0.0,0.0,0.0,7.0,0.0,0.0,0.0,8.0,434.32,180.96,240.53,306.64,297.17,318.27,368.93,398.08,475.82,643.78,1103.96,268.34,151.1,189.2,209.76,223.42,218.45,246.72,260.75,295.48,374.14,510.85,39826.47,3.3,973,264,110,2,6,6,1,0,1,1,0,8,1,0,15,680,1884,428.486,88,0.0,69.199,97.236,0.0,88.999,173.052,227.43,2262.692084279453,0.0,464.6987379204732,2.127541675076674,43.694232111842,426,4048,28,147.85868933833237,1.3902710217404275,9.502347417840376,2,110,973,264,10.561334952738026,0.9930507298145909,8.845454545454546,1394.0962137614194,246,248,1300.3588760631187,5.280667476369013,0.49652536490729543,122.26885490082728
batangas,2725.5539275990723,Batangas,2994795,2990129,824812.0,3.6,1265,952,311,644642,532331,0.0,1.0,418.0,993.0,10176.0,3629.0,4746.0,5.0,0.0,34.0,21.0,123.0,0.0,0.0,0.0,36.0,402.17,195.48,231.59,267.06,296.67,336.08,355.27,387.62,464.57,543.35,942.29,279.71,165.92,186.92,213.13,223.08,246.32,264.15,275.2,314.07,359.51,547.87,35379.94,4.9,164291,30039,5423,63,702,65,59,4,7,84,15,158,14,45,921,42595,101428,16150.434,1275,797.884,846.919,1970.935,227.216,8857.412,3450.069,159.23,539.2834567975437,0.04940325442647548,42.57386565691475,5.925560245372522,46.779481671204415,20182,644642,1265,42.23995298509581,4.641258377574399,31.941432960063423,63,5423,164291,30039,2.103649832459317,2.3114567414006886,30.295224045731146,1003.0402748769116,4694,4760,156.7680329158647,1.9700847637317414,2.164697583216518,172.25420358856627
benguet (excluding city of baguio),2774.6954100152507,Benguet *,473190,471906,133209.0,3.5,484,430,53,96181,84119,0.0,2.0,112.0,246.0,2268.0,610.0,1060.0,0.0,0.0,8.0,2.0,29.0,0.0,0.0,1.0,21.0,342.89,170.18,219.84,254.11,273.26,295.91,344.34,380.32,405.45,453.75,630.13,237.88,160.54,194.8,216.2,204.19,225.61,243.79,255.16,257.59,272.64,347.53,31204.73,4.2,26385,3637,1050,10,178,13,6,0,6,25,2,50,4,2,228,5353,11418,5417.049,352,548.793,194.642,719.147,254.19,1714.633,1985.644,474.43,1144.7936346921956,0.10130847994913836,74.3887233458019,1.952304018829305,12.686077135870754,4359,96181,484,102.2844946004776,1.7443356061822288,22.064923147510896,10,1050,26385,3637,2.1133160041420993,0.3603999186326919,25.12857142857143,768.6130307064816,1771,1783,374.27435706727954,1.2679896024852597,0.21623995117961511,63.82786463026318
biliran,533.6769476651126,Biliran,184095,183674,44802.0,4.1,155,143,11,48707,47627,0.0,0.0,41.0,127.0,950.0,395.0,584.0,0.0,0.0,3.0,4.0,7.0,0.0,0.0,0.0,14.0,307.11,157.29,183.43,189.7,203.72,216.78,217.86,237.52,300.08,449.03,912.29,216.82,133.92,146.71,152.23,157.37,160.38,158.5,180.96,229.12,309.15,538.12,28772.7,8.5,12326,2299,427,2,50,8,1,0,0,7,2,12,1,0,66,1826,4645,1026.829,104,258.007,44.183,116.933,0.0,388.561,219.145,221.06,557.7712594041119,0.2512657901169523,56.49257177001005,1.9240647445846677,19.487444690090115,2125,48707,155,84.19565984953421,2.9043787759268924,22.92094117647059,2,427,12326,2299,1.0863956109617317,0.3747585517325023,28.866510538641688,1248.8117548005107,616,617,334.66418893802717,0.5431978054808658,0.18737927586625114,115.44437909880824
bohol,3979.5271613999544,Bohol,1412726,1404668,347256.0,4.0,1313,1133,180,325085,286318,0.0,0.0,206.0,767.0,7794.0,1156.0,4009.0,0.0,0.0,9.0,0.0,58.0,0.0,0.0,0.0,214.0,292.49,123.15,151.89,187.27,202.34,211.31,236.34,277.92,311.3,402.23,817.38,193.25,120.49,127.89,140.19,144.56,155.69,161.86,186.65,197.26,252.72,443.47,30981.22,14.8,83226,13666,2586,33,846,52,16,0,11,67,22,137,7,9,992,12885,31538,12308.516,577,862.666,1084.323,2773.755,0.0,3868.343,3719.428,390.28,871.2599612380602,0.07008692193274965,40.843022638501736,3.0929594147235315,14.499209996521738,14213,325085,1313,92.94088167132197,3.299386954147841,22.87237036515866,33,2586,83226,13666,2.3359094403302554,0.8292442459015898,32.183294663573086,967.3496488349474,5000,5027,353.94268022429475,1.1325621528873966,0.40205781619471026,125.6491051782755
bukidnon,8752.598123736456,Bukidnon,1601902,1598790,417328.0,3.8,916,760,154,389662,357887,0.0,0.0,139.0,613.0,2521.0,1765.0,8139.0,2.0,15.0,8.0,1.0,66.0,0.0,0.0,0.0,70.0,254.87,129.69,144.06,166.4,178.42,203.38,228.2,248.08,275.15,327.31,647.21,149.05,99.5,103.62,117.57,120.81,129.41,137.17,147.48,153.81,176.76,304.08,32991.97,20.2,68856,11432,2336,30,466,20,22,1,14,62,2,100,4,18,585,20554,52795,17676.654,770,700.319,1508.66,3391.922,522.398,5051.179,6502.177,334.82,1103.479114202991,0.03961830106534868,48.06785933221882,2.0195893550809907,8.797387805477005,13339,389662,916,57.182024867938246,1.0465463934827188,29.21223480020991,30,2336,68856,11432,1.8727737402163178,0.3427553690445586,29.476027397260275,713.6516466050981,3353,3389,209.3279471067157,1.3733674094919666,0.25135393729934297,38.311236547782215
bulacan,2704.741852168529,Bulacan,3876806,3870674,1100041.0,3.5,1137,638,496,824442,641013,0.0,0.0,523.0,1085.0,7439.0,3106.0,9493.0,0.0,0.0,8.0,4.0,104.0,0.0,0.0,0.0,180.0,371.94,210.14,254.94,287.36,304.74,308.4,364.38,396.1,423.81,505.37,662.34,300.02,194.35,223.12,245.72,256.28,263.1,296.78,321.13,339.94,389.91,468.78,41511.01,6.0,168995,28151,5059,68,533,101,63,1,13,153,21,256,11,52,864,45544,113747,13025.163,1695,251.401,896.163,1382.966,310.928,8220.098,1963.608,114.51,335.9766519139725,0.019301178802906344,43.72155841690299,4.815676952518432,62.66771812774044,21942,824442,1137,29.328266619480058,4.203728348745775,37.573694284933005,68,5059,168995,28151,1.7540212226250165,2.51410314612764,33.40482308756671,726.1389917370124,4229,4305,109.09836589626165,1.625049073902589,2.3292426206770784,156.3747013999578
cagayan,8798.31701024346,Cagayan,1284676,1281823,324635.0,3.9,929,805,124,276175,254787,0.0,33.0,310.0,678.0,7609.0,993.0,1976.0,0.0,1.0,4.0,0.0,42.0,0.0,0.0,0.0,52.0,330.5,153.16,196.51,219.21,223.59,247.06,282.57,295.29,356.27,438.33,891.46,224.57,138.67,166.91,176.72,173.33,196.2,204.38,218.7,240.79,284.31,444.95,30054.91,5.7,94031,19429,2243,26,568,34,22,0,8,31,59,93,9,13,663,15088,37294,11692.218,1060,315.626,929.69,1421.47,497.676,4287.441,4240.316,313.51,910.1297136398595,0.026994536023875023,82.51107672284685,1.3289152898659267,12.047758665275332,11698,276175,929,72.31395309011766,1.0558837547208286,23.608736536160027,26,2243,94031,19429,2.0238565988622814,0.2955110616010931,41.92197949175212,1512.3657638190484,3493,3523,271.92613832941834,1.7124940451911612,0.25004782135477105,39.704978040432906
camarines norte,2123.04446830068,Camarines Norte,604666,602472,150221.0,4.0,383,319,63,170803,156832,0.0,5.0,145.0,287.0,2304.0,1028.0,2293.0,0.0,0.0,6.0,2.0,15.0,0.0,0.0,0.0,33.0,286.82,154.28,180.39,198.29,199.69,215.69,223.57,256.26,263.04,351.01,823.11,190.37,124.82,144.6,154.85,154.64,159.62,165.37,190.26,184.22,223.49,400.59,33747.38,17.7,28046,4603,724,19,283,22,8,0,7,21,3,53,2,6,341,5348,13674,3417.985,338,57.878,287.764,568.669,232.44,1223.493,1047.742,249.96,565.2682638018343,0.01693336863678454,55.89862833365858,1.6099450817136263,15.920533227009646,6118,170803,383,63.340753407666384,1.8040130845990219,27.918110493625367,19,724,28046,4603,3.142230586803293,0.894941216902909,38.73756906077348,761.2467047923977,1539,1554,254.5446190942215,1.3230444576013867,0.3768173544854354,72.49705738496482
camarines sur,5286.762220078042,Camarines Sur,2063314,2059537,488608.0,4.2,1456,1198,254,566091,505705,0.0,7.0,510.0,1136.0,7571.0,3584.0,8621.0,0.0,0.0,41.0,15.0,32.0,0.0,0.0,1.0,123.0,322.29,135.32,162.63,182.0,206.55,209.83,245.83,263.34,337.96,520.24,955.9,202.25,105.07,118.75,128.0,140.82,142.11,162.25,177.85,229.65,332.67,484.0,33910.88,22.4,125385,21013,4191,63,1050,55,14,2,16,116,33,171,4,10,1253,16435,41448,10824.135,1074,401.587,705.511,1536.247,343.481,4091.75,3745.559,261.15,524.5995035171574,0.037101070893886666,52.05218401077102,2.0474034105207433,20.314891332187543,21641,566091,1456,70.56608931069144,2.7540485828365977,26.15826440552655,63,4191,125385,21013,3.053340402866456,1.1916556368042972,29.917680744452397,1018.4101886576643,5660,5690,274.3314947649038,0.6785200895258793,0.2648123637342883,107.0659110863127
camiguin,243.51819622631953,Camiguin,94892,94770,24103.0,3.9,79,66,13,23380,22324,0.0,0.0,11.0,67.0,359.0,210.0,410.0,0.0,0.0,0.0,0.0,16.0,0.0,0.0,0.0,1.0,324.4,166.3,195.61,187.35,221.01,228.77,235.6,287.33,320.47,503.1,892.82,225.08,136.77,162.15,153.52,174.06,177.96,181.8,215.48,227.83,325.82,492.7,32275.4,9.4,4358,950,186,2,39,5,1,0,1,2,2,6,1,0,48,702,1849,694.528,61,127.77,34.855,127.885,0.0,186.602,217.416,375.62,731.9141761160056,0.18396666513085144,64.28360662648063,2.852057919131939,25.04946281028961,1074,23380,79,83.25253972937655,3.244110757398163,21.769087523277467,2,186,4358,950,2.1076592336551028,0.8212938626324464,23.43010752688172,1001.1381359861738,369,371,389.3865136015414,1.0538296168275514,0.4106469313162232,151.7326656540171
capiz,2652.9327917001074,Capiz,835098,833824,217592.0,3.8,607,521,85,172646,165458,0.0,3.0,195.0,513.0,3153.0,1287.0,3084.0,0.0,0.0,1.0,6.0,36.0,0.0,0.0,0.0,32.0,267.17,144.64,171.89,195.75,219.14,205.92,236.93,240.27,290.54,336.85,628.55,225.28,137.2,156.14,181.29,202.27,180.97,211.24,212.56,248.91,278.09,443.38,33241.07,9.8,37590,7320,1383,17,410,19,8,1,2,24,13,45,4,4,464,9706,23211,6510.022,592,315.611,380.512,961.791,116.891,2318.212,2417.005,280.47,779.5518609791905,0.04848078854418618,70.88988358252564,2.453896314436263,22.31492640341719,8310,172646,607,72.68607995708288,2.288033838999026,20.77569193742479,17,1383,37590,7320,2.0356892244982028,0.6408002514494802,27.18004338394794,876.5438307839319,2348,2358,281.2812524752881,0.95797139976386,0.30155305950563766,88.54254133934406
catanduanes,1464.8674711911299,Catanduanes,261169,260700,62544.0,4.2,263,243,19,68571,67818,0.0,1.0,78.0,243.0,1753.0,834.0,432.0,0.0,0.0,3.0,5.0,10.0,0.0,0.0,0.0,18.0,282.19,128.45,145.58,166.73,179.07,188.24,203.03,223.58,291.22,404.81,889.03,230.91,123.39,136.85,152.58,163.99,172.78,184.44,203.13,251.72,321.85,597.02,31832.19,23.5,17451,2622,915,4,116,12,6,0,4,5,1,26,4,2,143,3348,8730,1938.766,260,401.582,227.378,308.233,0.0,688.176,313.397,222.08,742.3415489587203,0.20713278446186903,99.55239710685419,1.323509490195402,17.749045911203545,3377,68571,263,100.70107861193327,1.7953842594794356,20.305300562629554,4,915,17451,2622,1.531575340105449,0.2730622447877468,19.072131147540983,1003.9476354391218,1023,1033,391.8904858047519,2.2973630101581737,0.4095933671816203,69.86956042099668
cavite,1245.0856339058992,Cavite,4573884,4549557,1320135.0,3.4,1243,517,721,1010719,782327,0.0,0.0,439.0,1581.0,6696.0,5197.0,11021.0,0.0,0.0,31.0,20.0,152.0,0.0,0.0,0.0,94.0,457.62,223.84,288.1,310.96,339.99,390.59,448.34,458.01,496.89,661.59,954.89,313.49,182.49,226.83,232.47,250.58,285.44,323.72,323.11,350.01,408.2,550.47,41757.22,4.3,215479,33839,8136,84,709,38,51,18,15,264,57,334,5,46,1095,63761,164223,13956.962,1524,483.323,946.586,1516.911,174.322,9916.852,918.968,84.99,305.1446429336642,0.03462952754331494,33.319603208126836,11.209640220661992,122.40121952247829,25231,1010719,1243,27.17602807591972,9.983249072601083,40.05861836629543,84,8136,215479,33839,1.8365135626526603,6.746523910687779,26.484636184857425,739.8307434119448,4790,4856,104.72848190178242,1.1150260916105437,4.096103802917581,384.72528689625466
"cebu (excluding the cities of cebu, lapu-lapu and mandaue)",4490.524633615771,Cebu *,3400522,3389549,893690.0,3.8,1773,1458,314,857147,770136,0.0,3.0,369.0,1130.0,10375.0,5372.0,13333.0,1.0,0.0,28.0,5.0,105.0,0.0,0.0,0.0,146.0,293.38,147.26,181.9,191.01,218.99,238.0,271.18,281.63,328.74,381.89,690.88,193.81,121.48,129.02,146.13,150.81,161.37,182.81,188.36,211.54,247.92,397.47,35417.76,15.5,107270,18942,2834,45,972,63,10,2,24,107,16,170,6,4,1178,29904,69152,17023.065,865,329.433,1430.103,3400.213,1019.32,6703.463,4140.533,246.17,500.60152529523407,0.019352155443217778,25.43727110131915,3.7908855621382096,19.262782649596602,30867,857147,1773,52.139053945247234,3.9483137153450603,27.76904137104351,45,2834,107270,18942,1.323326242265158,1.0021100800368175,37.85109386026817,557.0321262441472,6518,6552,191.67902362227306,0.29407249828114623,0.22269112889707052,145.1520234154072
city of angeles,121.0258436305647,City of Angeles,483452,482041,134391.0,3.6,122,52,70,113162,87531,0.0,0.0,65.0,213.0,1438.0,431.0,967.0,0.0,0.0,3.0,0.0,17.0,0.0,0.0,0.0,13.0,501.93,346.98,406.65,419.96,447.7,486.5,498.54,525.88,562.36,587.66,735.89,373.41,300.85,325.97,343.28,344.99,373.52,363.87,381.14,404.77,420.67,474.47,38167.35,0.3,32996,5896,1592,9,20,15,10,1,0,15,17,25,2,8,61,5969,15538,1429.91,117,57.727,97.247,124.774,43.058,965.02,142.085,92.03,295.7708314372471,0.04037107230524998,24.20095480006288,11.81491454308591,96.67356697561745,3147,113162,122,25.235183637672407,10.080491599166947,35.95869081665078,9,1592,32996,5896,1.8616119076971447,7.43642822889365,20.72613065326633,1219.5626453091518,452,462,93.55958300655274,2.06845767521905,8.262698032104057,373.73478396692497
city of bacolod,247.75300680021851,City of Bacolod 4/,624787,621831,172580.0,3.6,220,86,134,148227,118810,0.0,19.0,96.0,264.0,1156.0,801.0,1875.0,0.0,0.0,0.0,1.0,28.0,0.0,0.0,0.0,52.0,367.16,190.26,243.59,268.78,279.99,331.37,344.68,363.89,451.41,505.54,690.35,292.81,172.22,208.42,228.61,235.83,268.47,286.85,297.65,349.6,394.22,485.22,35445.8,6.2,64387,8407,2939,18,31,1,7,0,0,12,28,20,1,6,51,12384,33486,3129.588,219,81.243,106.191,190.251,69.757,2449.009,233.135,93.46,500.90478835187037,0.025959647084536363,35.05194570309561,12.631887057272396,88.39448724696844,4292,148227,220,35.21200024968509,8.87981150426167,34.5356477166822,18,2939,64387,8407,2.8809818386105985,7.265300321668638,21.907791765906772,1345.578573177739,748,755,119.73549573757886,1.1203818261263438,2.8253945695378038,301.9506489207569
city of baguio,235.54055986235582,City of Baguio,368426,365342,96660.0,3.8,153,68,85,86611,60607,0.0,0.0,102.0,181.0,1368.0,298.0,448.0,0.0,0.0,22.0,4.0,8.0,0.0,0.0,0.0,10.0,443.2,243.48,287.23,347.61,385.73,400.65,451.94,496.52,547.66,517.46,751.3,293.38,216.28,230.03,264.93,280.11,279.36,309.16,316.45,338.68,301.66,396.34,31654.08,0.5,75007,10554,2618,20,0,16,5,0,1,2,0,22,1,4,24,3811,8214,1084.137,132,42.605,79.174,102.087,32.938,620.09,207.244,131.99,294.26180562718156,0.03929853883780371,35.82809030850157,4.6027614124443925,56.04130349233167,2441,86611,153,41.528013766672274,6.495696541156626,35.481769766489144,20,2618,75007,10554,5.428498531591147,8.491106589747224,28.650496562261267,2864.6186751206483,525,531,142.50452202282924,1.3571246328977868,2.122776647436806,222.90161431841716
city of butuan,653.2203253365496,City of Butuan ,385530,383881,93109.0,4.1,188,139,49,96512,87944,0.0,0.0,75.0,178.0,1823.0,476.0,867.0,0.0,1.0,2.0,11.0,9.0,0.0,0.0,0.0,49.0,378.89,131.93,171.99,206.99,219.36,246.16,262.06,336.44,446.25,585.38,1179.79,283.33,124.96,155.6,185.69,198.0,210.19,224.13,281.01,355.25,415.39,681.65,29502.5,12.2,32741,4821,1371,13,82,6,7,1,1,28,0,37,2,5,125,6487,16174,2489.64,200,85.64,216.161,427.102,76.287,1185.74,498.709,153.93,645.7707571395222,0.0343985475811764,51.87663735636656,3.8113327210345105,30.617540857589937,3491,96512,188,48.76403911498456,2.878048840613454,27.645946720137495,13,1371,32741,4821,3.3719814281638265,1.990140155743346,23.88110867979577,1250.486343475216,732,740,190.03503954441888,1.8156823074728297,1.0716139300156478,112.15849530985263
city of cagayan de oro,508.5678136027711,City of Cagayan De Oro ,741617,736876,206005.0,3.6,218,115,101,187299,140860,0.0,0.0,60.0,178.0,1021.0,446.0,2666.0,0.0,0.0,0.0,3.0,43.0,0.0,0.0,0.0,42.0,386.93,189.7,219.52,251.92,276.51,302.03,371.89,370.96,408.55,502.21,972.35,264.37,154.92,171.35,189.83,196.0,215.31,255.16,252.79,280.68,328.97,596.59,34980.66,6.8,79905,10962,2442,15,41,47,13,0,1,26,3,47,3,10,128,10681,26236,2898.853,159,104.913,170.906,442.4,57.304,1691.323,432.007,110.49,390.8827602387755,0.03619121079958176,21.439637980251263,5.700032370243976,31.264267172871207,4459,187299,218,29.39522691631934,4.286547323072908,42.00470957613815,15,2442,79905,10962,2.0226073566274776,2.9494591672520007,32.721130221130224,1478.1214562233606,799,813,107.82948263583388,1.752926375743814,2.5561979449517342,157.2419159943147
city of caloocan,53.22798383224188,City of Caloocan,1712945,1710978,409606.0,4.2,259,89,170,332797,264993,0.0,0.0,116.0,555.0,2485.0,1720.0,4316.0,0.0,0.0,6.0,6.0,22.0,0.0,0.0,0.0,15.0,393.24,249.36,286.4,297.23,344.11,373.98,391.41,436.99,461.83,483.91,606.06,296.9,237.38,253.91,249.27,272.13,290.45,300.03,317.57,321.1,334.95,391.77,37710.94,1.9,61182,10647,1989,27,16,50,11,1,3,66,0,82,3,8,147,7499,19426,1613.607,91,25.478,96.031,138.514,25.303,1298.698,29.582,83.06,94.20074783486919,0.01578947042247586,5.312488141767541,30.31501258972328,170.9627031653196,9241,332797,259,15.120158557338383,48.65861551628327,36.01309382101504,27,1989,61182,10647,1.5762327453596,50.725197642457466,30.760180995475114,621.5611125868023,973,987,56.84822186781371,0.6421688962576148,20.66582126174193,1829.448917589422
city of cebu,291.58862800038884,City of Cebu ,965332,946912,298505.0,3.2,262,107,153,235325,176881,0.0,0.0,165.0,428.0,3205.0,584.0,1525.0,2.0,0.0,11.0,6.0,19.0,0.0,0.0,0.0,50.0,386.39,210.47,249.21,295.3,311.38,335.54,361.6,400.1,461.1,498.9,738.64,260.13,165.44,190.81,210.11,218.64,230.07,240.91,263.62,289.16,305.2,486.29,36559.07,5.3,185342,27094,5517,44,82,7,15,1,2,35,0,52,4,11,142,7167,15865,1889.795,235,74.06,118.708,454.866,15.486,983.903,242.772,119.12,195.7663270253136,0.03918943589119455,24.343956276182702,6.481031214967272,80.59299212440021,5995,235325,262,27.140921465361142,8.98526124961398,39.2535446205171,44,5517,185342,27094,4.558017345327825,15.089751716908975,33.594707268442995,2806.702771688911,945,962,97.90685305314392,1.5538695495435768,5.144233539855333,324.12998723452097
city of davao,2355.098616323669,City of Davao,1848947,1841875,543854.0,3.4,649,439,210,447904,373942,0.0,116.0,401.0,761.0,2910.0,3492.0,4500.0,0.0,0.0,30.0,138.0,84.0,0.0,0.0,0.0,34.0,412.91,136.1,187.5,224.85,280.5,301.68,339.37,387.29,488.58,552.98,1227.27,238.47,104.32,134.43,158.45,187.31,199.25,217.58,239.57,288.25,305.37,548.82,31535.07,8.8,150963,20585,5931,52,190,20,21,0,11,57,6,108,1,20,299,27246,66734,9272.608,390,352.429,554.787,1353.802,246.651,5046.54,1718.399,138.95,501.5075067051678,0.038007537900879663,21.093087038189847,3.937248290041726,16.559816106927773,12466,447904,649,35.10106022509028,2.7557232444605444,35.93004973527996,52,5931,150963,20585,2.812411605091979,2.207975480923703,25.453211937278706,1113.3364017465076,2251,2283,121.79131059297812,1.135781609748684,0.8916824057576492,95.61624162408624
city of general santos (dadiangas),523.7788471715304,City of General Santos,722059,720638,184938.0,3.9,165,106,58,175363,154364,0.0,0.0,106.0,280.0,809.0,896.0,2973.0,0.0,0.0,1.0,5.0,33.0,0.0,0.0,0.0,41.0,331.82,154.66,184.44,209.45,216.74,249.06,280.7,310.63,348.23,488.07,872.44,243.59,142.35,161.03,183.74,176.42,202.78,218.49,248.29,258.99,329.53,512.37,28580.13,5.5,68790,10492,1859,24,22,13,10,0,2,34,0,58,1,9,81,18382,48859,4922.128,112,152.691,127.96,332.773,45.733,3517.814,745.157,100.74,681.6794749459531,0.03102133873804176,15.511197838403787,9.397340168622865,21.3830704704502,5144,175363,165,22.851318244077007,3.150184488950253,34.090785381026436,24,1859,68790,10492,3.323828108229383,4.5820865293821855,37.00376546530393,1453.066854647612,589,601,81.57248960722423,1.3849283784289095,1.9092027205759108,112.45232714411952
city of iligan,533.967379138229,City of Iligan,368132,367556,96329.0,3.8,176,113,62,94904,74410,0.0,0.0,57.0,143.0,868.0,356.0,1258.0,0.0,0.0,0.0,0.0,23.0,0.0,0.0,0.0,56.0,385.26,151.47,219.36,218.32,251.66,261.97,324.06,358.48,419.84,530.05,1115.22,264.06,120.23,169.28,164.76,187.31,192.67,235.04,255.95,291.2,373.81,649.0,33819.27,11.8,30442,5035,1236,11,48,1,7,0,1,7,0,15,1,6,64,3465,8849,1402.195,98,34.623,171.667,320.101,54.641,598.496,222.667,158.46,380.8946247541643,0.02469200075595762,26.620885986548306,2.6259937493990835,18.353181079743557,2761,94904,176,47.80893809829083,3.2960815000355774,34.373053241579136,11,1236,30442,5035,2.988058631143177,2.060050937522236,24.629449838187703,1367.7159279823543,634,642,172.2493615329084,1.9014918561820215,1.3109415056959683,118.75351273737165
city of iloilo,72.7303057760027,City of Iloilo ,473728,471277,110959.0,4.2,174,66,105,105759,75928,0.0,1.0,86.0,243.0,933.0,382.0,1286.0,0.0,0.0,5.0,4.0,16.0,0.0,0.0,0.0,24.0,478.73,221.59,261.94,310.2,373.89,393.68,372.27,474.13,508.76,689.99,1174.44,306.65,195.73,211.72,225.78,247.13,258.26,259.64,298.82,345.22,428.77,592.97,34878.45,2.3,105561,16215,4166,29,80,9,11,1,1,14,2,28,2,9,116,6205,15450,1368.382,112,67.16,103.847,136.245,28.733,951.304,81.094,88.57,288.85394150229666,0.049079862202221304,23.64225884895974,18.814467853529862,153.99357778714895,2980,105759,174,36.72993785463388,23.92400226336064,35.48959731543624,29,4166,105561,16215,6.121656309105647,39.87333710560107,25.338694191070573,3422.850243177519,683,695,144.3136019230433,2.322007565522832,15.12436924695213,939.9849661343862
city of isabela (not a province),219.91717734930495,City of Isabela (Not a Province) **,151297,150686,34129.0,4.4,76,66,10,34205,32596,0.0,5.0,34.0,66.0,532.0,327.0,438.0,0.0,0.0,0.0,3.0,11.0,0.0,0.0,0.0,2.0,314.3,201.78,211.73,230.45,238.6,249.22,249.71,278.24,343.83,408.58,725.78,224.2,163.02,163.76,173.84,184.63,177.48,181.57,206.13,251.87,299.05,438.26,29770.42,10.0,10080,2109,255,3,25,4,4,1,0,3,0,7,1,3,37,698,1637,522.711,26,45.06,9.21,112.439,0.0,192.392,163.61,319.31,345.4866917387655,0.08620442271159398,17.184742592384513,2.376853897000293,11.822632644426387,1418,34205,76,50.232324500816276,3.4558464652938667,24.12200282087447,3,255,10080,2109,1.9828549145059056,1.364149920510737,39.529411764705884,1393.9470048976516,314,318,207.99366211234207,2.6438065526745405,1.8188665606809828,143.09394780302944
city of lapu-lapu (opon),67.50795361380904,City of Lapu-Lapu,497813,496275,141692.0,3.5,140,70,70,123729,100966,0.0,0.0,74.0,271.0,2005.0,103.0,850.0,0.0,0.0,5.0,0.0,8.0,0.0,0.0,0.0,33.0,428.24,200.72,257.91,306.72,328.81,377.13,397.72,456.76,464.48,582.44,906.96,297.73,171.69,203.8,228.7,236.78,256.59,280.8,311.94,323.91,398.32,563.2,36480.85,5.6,10493,1473,311,7,40,1,3,0,3,24,1,30,1,2,71,4081,8932,770.762,9,53.007,13.585,137.455,0.0,502.299,64.416,86.29,154.8296247787824,0.06877220205459013,1.8079077886676322,11.417350974809246,13.33176243422525,3349,123729,140,28.123010045940944,20.738297119905944,36.94505822633622,7,311,10493,1473,1.4061505022970473,10.369148559952972,33.739549839228296,295.8942414119358,533,539,107.24133503260198,0.6026359295558774,4.443920811408416,790.8124577733362
city of las piñas,32.73946385351915,City of Las Piñas,615549,614802,162942.0,3.8,148,40,108,124362,90254,0.0,0.0,123.0,247.0,685.0,718.0,1982.0,0.0,0.0,1.0,2.0,9.0,0.0,0.0,0.0,11.0,594.93,301.84,368.31,408.64,457.64,552.69,561.19,599.59,732.04,864.9,1099.0,391.48,256.55,279.2,301.65,315.95,360.13,363.8,392.73,460.91,539.99,642.14,37710.94,0.7,47774,7091,1279,15,0,31,10,1,1,14,1,32,1,9,57,4056,10449,882.078,120,13.64,47.09,95.244,17.377,693.631,15.097,84.42,143.29939614880374,0.015463485088620282,19.49479245356584,26.94234713025656,366.5301317605458,3778,124362,148,24.04357735939787,45.20538291713399,32.91741662255161,15,1279,47774,7091,2.43684905669573,45.81626647006823,37.35261923377639,1151.9797774019617,559,570,90.8536867538623,1.6245660377971536,30.54417764671215,1708.1799591425458
city of lucena,123.13759994100167,City of Lucena ,280331,279537,70662.0,4.0,106,55,51,78194,64045,0.0,0.0,57.0,132.0,706.0,592.0,700.0,0.0,0.0,4.0,3.0,12.0,0.0,0.0,0.0,8.0,361.93,203.6,239.69,254.77,277.54,308.17,334.12,356.47,372.53,500.42,769.16,300.7,204.12,228.22,236.54,255.37,272.73,285.03,296.64,302.81,399.76,524.07,29428.63,2.9,28105,4615,1149,17,49,8,5,1,1,12,0,18,1,4,76,4129,11044,1141.744,102,60.944,44.389,75.612,19.552,780.316,160.929,103.38,407.28424612333276,0.053377990162418204,36.38555850048692,9.272098859706851,82.83416279744836,2214,78194,106,37.81244314756484,8.608256133852477,35.317976513098465,17,1149,28105,4615,6.064259750081154,13.805693799574728,24.460400348128807,1646.2681615661486,434,440,154.96705654437696,1.7836058088473983,4.060498176345508,352.79289143978707
city of makati,24.961649783872907,City of Makati 1/,309770,308647,88533.0,3.5,75,23,51,50516,30713,0.0,0.0,45.0,81.0,450.0,332.0,545.0,0.0,0.0,5.0,6.0,15.0,0.0,0.0,0.0,5.0,799.54,295.07,379.94,482.22,516.77,556.55,617.96,689.57,761.76,887.81,2799.99,506.9,261.46,302.12,364.94,370.5,390.86,404.49,427.22,466.21,559.42,1517.96,37710.94,0.6,28748,5461,1175,18,0,18,3,1,0,5,1,10,0,3,27,3369,8125,756.374,70,38.754,84.307,80.203,29.041,494.237,29.832,93.09,244.17277334796785,0.051236557576013975,22.59741098234174,30.301442675021992,280.4301823240275,1484,50516,75,24.211511766794718,30.046090963288655,34.04043126684636,18,1175,28748,5461,5.810762824030732,72.11061831189276,24.466382978723406,1762.920876779546,302,305,97.57484673470103,0.9684604706717888,12.018436385315463,1210.8879234631534
city of malabon,15.765335956176342,City of Malabon,389929,388936,106410.0,3.7,81,42,39,91998,68507,0.0,0.0,59.0,173.0,875.0,574.0,954.0,0.0,0.0,1.0,0.0,29.0,0.0,0.0,0.0,0.0,380.6,234.69,261.36,296.75,319.68,331.54,397.84,412.9,402.87,520.08,626.51,297.51,217.6,229.8,252.72,263.87,263.06,312.07,316.41,306.78,377.6,434.23,37710.94,1.5,11051,1380,310,4,0,21,3,1,0,10,1,13,2,1,35,1120,2774,279.294,28,0.0,43.399,24.024,4.073,189.74,18.059,100.68,71.62688592025728,0.0,7.180794452323371,17.715702397739374,177.60484190018494,2665,91998,81,20.773012522792612,51.37854354969636,34.520825515947465,4,310,11051,1380,1.0258277789033388,25.37212027145499,35.648387096774194,353.9105837216519,347,350,89.02942742716982,0.7693708341775041,19.02909020359124,2201.9927582734854
city of mandaluyong,11.313086441851144,City of Mandaluyong,465902,457236,136548.0,3.3,68,24,43,73911,52542,0.0,0.0,40.0,100.0,436.0,478.0,952.0,0.0,0.0,39.0,15.0,65.0,0.0,0.0,0.0,10.0,666.02,336.93,398.45,474.95,469.4,528.76,574.47,644.76,804.87,888.27,1533.5,508.19,334.33,358.76,412.48,405.51,411.38,443.83,475.72,622.62,655.89,958.54,37710.94,0.3,33081,2935,872,10,0,29,4,1,0,2,2,9,2,2,36,1011,2395,249.498,31,11.561,25.874,31.568,10.665,160.47,9.36,104.17,53.55160527321197,0.04633704478593015,6.65375980356384,22.05392854393986,274.0189439843749,2135,73911,68,14.595344085236809,60.10738126108869,34.61873536299766,10,872,33081,2935,2.1463741301818837,88.39320773689514,37.93692660550459,629.9608072083828,309,313,66.47379177301784,0.8585496520727535,35.35728309475805,2737.5617338220327
city of mandaue,31.203301795736657,City of Mandaue,364482,362059,102593.0,3.5,88,48,40,84103,65443,0.0,0.0,66.0,212.0,1288.0,111.0,751.0,0.0,0.0,13.0,4.0,3.0,0.0,0.0,0.0,44.0,424.81,205.41,278.58,300.24,366.91,380.13,393.71,444.78,492.57,516.6,867.29,283.03,174.5,216.08,230.17,246.79,259.99,272.76,289.58,304.46,338.35,496.67,35654.54,4.7,30131,4150,1386,10,27,1,5,0,2,6,0,14,1,4,41,2681,5710,484.183,36,25.496,28.91,90.243,12.392,282.517,44.625,84.8,132.84140231890737,0.05265777608879287,9.877030964492073,15.517043778557898,115.3724058936568,2492,84103,88,24.1438534687584,28.202143662893885,33.7491974317817,10,1386,30131,4150,2.7436197123589094,32.047890526015784,21.73953823953824,1138.6021806289475,350,357,96.1216183876439,1.3718098561794547,16.023945263007892,1122.785016230303
city of manila,41.95656404596501,City of Manila,1902590,1880769,478871.0,3.9,860,619,238,552037,438027,0.0,9.0,665.0,1342.0,6204.0,4460.0,5765.0,0.0,0.0,20.0,4.0,178.0,0.0,0.0,0.0,63.0,482.79,237.11,328.27,363.72,395.19,407.63,446.57,502.23,596.65,612.17,935.19,390.2,247.81,311.55,333.88,350.98,354.26,367.82,410.02,457.97,440.18,626.0,37710.94,1.6,415176,94206,17450,79,0,47,26,1,1,11,1,81,11,15,86,5072,12729,1121.996,203,75.417,95.298,189.64,42.996,656.686,61.96,88.14,58.972032860469156,0.06721681717225372,10.669666086755422,26.74184661000388,483.8337090177494,18710,552037,860,45.20154105719046,204.97388657894803,29.504917156600747,79,17450,415176,94206,4.1522345854861005,188.28996557833597,23.792320916905442,4951.460903294982,2886,2913,151.69718266342926,1.3665582180080837,61.968849430844756,6878.960404084147
city of marikina,22.929545618495773,City of Marikina,471323,467823,117323.0,4.0,124,33,90,107587,75124,0.0,0.0,64.0,180.0,701.0,747.0,1135.0,0.0,0.0,4.0,0.0,13.0,0.0,1.0,1.0,4.0,556.55,284.94,338.28,352.99,417.49,470.67,506.54,590.68,617.25,753.1,1230.6,451.14,267.21,299.52,306.81,352.27,395.92,400.3,483.66,524.38,582.7,896.57,37710.94,0.7,21729,3348,664,7,0,19,9,1,1,18,0,47,1,8,48,2533,6716,646.43,52,17.672,22.974,103.784,0.0,493.708,8.293,96.25,137.15222893854107,0.027337840137369864,11.032773702959542,28.192010899621444,226.78164175244268,2850,107587,124,26.308921907057368,54.07869918712095,37.74982456140351,7,664,21729,3348,1.4851810753983998,30.528297928213437,32.72439759036145,710.340891490549,489,499,103.83274762618805,1.9095185255122284,39.25066876484585,2134.3101570203867
city of muntinlupa,39.168900600267655,City of Muntinlupa,552225,525722,138106.0,3.8,98,28,70,110239,83868,0.0,0.0,55.0,166.0,881.0,455.0,1157.0,0.0,0.0,1.0,0.0,21.0,0.0,0.0,0.0,17.0,506.18,320.13,360.12,392.11,428.51,430.52,504.89,515.47,539.63,642.26,926.57,376.15,277.93,307.58,316.92,344.28,335.46,385.71,384.36,389.8,445.92,572.59,37710.94,0.1,33585,5230,884,15,1,16,7,1,0,13,2,22,2,5,38,3208,7906,829.093,141,5.944,60.833,83.364,72.572,529.662,76.718,104.87,150.13681017701117,0.007169280165192566,25.53307075920141,21.16712461401928,359.9794679941476,2753,110239,98,17.74638960568609,25.019849548529407,40.04322557210316,15,884,33585,5230,2.716284123319299,38.29568808448379,37.9920814479638,947.077730997329,367,374,66.59717310049626,1.2675992575490063,17.871321106092434,938.9240788435671
city of navotas,10.537326621458758,City of Navotas,252878,252571,73562.0,3.4,37,25,12,47848,46219,0.0,0.0,28.0,111.0,598.0,431.0,562.0,0.0,0.0,1.0,2.0,32.0,0.0,0.0,0.0,4.0,336.98,231.31,252.14,302.14,289.05,310.39,337.73,352.11,370.86,435.88,487.13,275.24,221.65,228.86,266.79,249.08,261.33,272.95,287.04,286.63,329.81,347.76,37710.94,2.5,5593,808,143,2,13,11,1,1,0,8,1,9,1,0,34,565,1338,121.794,8,0.748,12.235,5.99,6.252,71.954,24.615,91.03,48.16314586480437,0.00614151764454735,3.1635808571722333,11.558339641097618,75.92058486360654,1769,47848,37,14.631561464421578,35.11327049941802,27.048049745618993,2,143,5593,808,0.7908952142930583,18.980146215901634,39.11188811188811,319.52166657439557,193,194,76.61593019710675,0.39544760714652916,9.490073107950817,1838.652619624484
city of olongapo,141.09828100581726,City of Olongapo,264903,264324,70922.0,3.7,73,40,33,58404,46953,0.0,0.0,63.0,122.0,428.0,342.0,868.0,0.0,0.0,10.0,5.0,19.0,0.0,0.0,0.0,4.0,385.44,203.61,255.04,273.53,330.48,346.02,353.81,403.69,406.8,494.28,785.15,331.87,196.79,239.11,251.83,297.3,297.64,305.47,332.42,347.26,415.21,634.15,41565.06,7.5,27150,3266,936,13,13,8,4,1,0,8,1,12,1,3,34,2153,5233,665.308,84,61.103,43.473,93.329,24.732,375.886,66.786,127.14,251.15155358753958,0.09184167333024705,31.709720161719574,4.715209818697724,59.53297191234868,1861,58404,73,27.557256807208677,5.17369874952554,31.38312735088662,13,936,27150,3266,4.907456691694696,9.213436129292058,29.006410256410255,1232.9041196211444,281,285,106.35249716187971,1.5099866743675987,2.834903424397556,199.6700126666454
city of parañaque,44.82443419101616,City of Parañaque,703245,696999,214849.0,3.2,145,43,102,126689,100923,0.0,0.0,114.0,215.0,755.0,692.0,1579.0,0.0,0.0,10.0,0.0,18.0,0.0,0.0,0.0,3.0,556.45,292.7,346.87,365.91,438.82,471.71,487.11,570.1,586.8,696.6,1305.96,384.49,263.47,283.64,280.54,319.26,332.26,343.66,391.67,387.54,495.16,746.45,37710.94,0.6,13654,3700,715,18,5,15,9,1,0,14,0,30,2,7,44,3720,8764,835.812,110,32.196,55.908,37.646,36.125,616.674,57.263,95.37,118.85075613761917,0.03852062425521528,15.641774914858976,18.646348026128923,245.4018706209269,3386,126689,145,20.618703296859557,32.348428400031274,37.41553455404607,18,715,13654,3700,2.559563167886014,40.15666973796986,19.096503496503498,526.1324289543473,522,531,74.36485601701979,1.279781583943007,20.07833486898493,1166.701021742524
city of pasig,31.301657993051524,City of Pasig,853050,851357,252362.0,3.4,187,44,107,213172,142463,0.0,0.0,167.0,296.0,1080.0,1235.0,1973.0,0.0,0.0,2.0,1.0,25.0,0.0,0.0,0.0,24.0,590.37,259.23,323.46,388.81,413.15,498.51,544.37,626.57,612.06,755.91,1478.88,425.44,242.18,278.02,320.37,332.34,378.2,402.26,444.7,436.33,509.62,908.79,37710.94,2.1,20702,2677,1192,14,1,44,13,1,0,29,1,76,3,10,88,3347,7990,670.762,72,27.731,73.264,87.299,0.0,451.23,31.238,83.95,78.6310298341246,0.04134253282088133,8.440302444170916,21.42896073265188,230.01976449932098,4803,213172,187,21.92134107027724,59.74124439079587,44.383093899646056,14,1192,20702,2677,1.6411699196999003,44.72606531931241,17.36744966442953,313.8151339311881,681,694,79.90886647454114,1.5239434968641932,41.53134636793296,2177.7203802188096
city of puerto princesa,2171.647594248591,City of Puerto Princesa ,316384,310494,82828.0,3.7,142,101,40,76742,69948,0.0,0.0,55.0,158.0,1094.0,315.0,930.0,0.0,0.0,0.0,3.0,10.0,0.0,0.0,0.0,14.0,354.52,171.34,198.04,226.38,247.88,260.79,297.4,318.59,403.74,523.69,895.34,236.61,140.22,158.68,171.35,188.68,195.9,216.37,219.01,263.46,325.92,485.52,30464.94,4.1,34792,5355,868,10,57,1,5,0,0,17,0,23,2,3,80,6355,16369,2392.494,120,273.013,162.495,217.072,0.0,1247.095,492.819,146.16,756.1994285425307,0.11411230289396754,37.928593102053206,1.1016953240186393,5.525758429581714,2579,76742,142,44.88216850409629,0.6538814141671695,29.75649476541295,10,868,34792,5355,3.1607160918377666,0.4604798691318095,40.08294930875576,1692.5634671791242,545,550,172.42845716542664,1.5803580459188833,0.23023993456590475,25.12083688730462
city of san juan,501.9466089032894,City of San Juan,134312,133057,36868.0,3.6,152,119,33,66274,50504,0.0,0.0,52.0,118.0,859.0,575.0,551.0,0.0,0.0,4.0,0.0,14.0,0.0,0.0,0.0,6.0,842.81,328.65,488.36,514.95,519.8,628.18,664.25,788.83,809.56,1328.18,2149.94,648.78,321.19,426.15,450.91,424.35,501.72,527.5,674.31,645.79,1079.83,1313.91,37710.94,0.0,6623,1163,271,5,6,12,3,1,0,1,0,4,1,2,23,4590,10847,2230.341,180,87.808,101.782,274.844,22.802,1032.226,710.879,205.62,1660.5671868485317,0.039369764533764125,134.01632020966107,4.443382942407172,35.86038770005533,2179,66274,152,113.16933706593602,3.028210516893561,30.414869206057826,5,271,6623,1163,3.7226755613794746,0.9961218805570924,24.43911439114391,865.8943355768658,592,595,440.91186757909173,2.2336053368276847,0.5976731283342555,117.98018695190129
city of tacloban,106.46513136693434,City of Tacloban ,259353,256810,62848.0,4.1,96,60,34,64206,54153,0.0,9.0,63.0,184.0,1141.0,376.0,401.0,0.0,0.0,9.0,0.0,10.0,0.0,0.0,0.0,39.0,414.03,175.14,213.51,236.25,251.65,272.89,327.45,372.61,504.51,657.68,1123.33,297.52,161.37,182.99,197.21,209.56,217.46,253.27,272.86,361.77,434.87,680.9,34449.79,10.6,43304,8087,1515,14,24,7,7,0,0,12,1,19,2,5,50,3635,9233,781.274,62,35.1,55.671,71.136,28.387,505.082,85.897,84.62,301.23962321623424,0.04492661985423808,23.905642117114514,7.338308702286033,58.23502888125473,2232,64206,96,37.015187794241825,9.017036730000731,28.766129032258064,14,1515,43304,8087,5.3980482199935995,13.149845231251067,28.583498349834983,3118.143996792017,375,382,144.6030022880948,2.6990241099967998,6.574922615625534,352.25826494468504
city of taguig,35.51769036523292,City of Taguig 2/,1308085,1296543,355385.0,3.6,206,52,154,230831,186781,0.0,0.0,140.0,378.0,1605.0,1526.0,2833.0,0.0,0.0,12.0,3.0,29.0,0.0,0.0,0.0,27.0,519.6,235.87,299.77,355.25,380.27,407.2,489.41,501.67,593.0,653.55,1274.85,372.21,226.21,267.75,305.13,305.8,318.59,357.91,362.74,397.35,430.55,747.5,37710.94,2.0,14820,1834,917,10,0,43,12,1,1,43,1,69,5,7,100,4009,9980,788.196,130,30.35,70.442,65.244,8.458,574.47,39.232,78.98,60.25571732723791,0.03850565087871545,9.938192089963573,22.191645681205067,366.0147905542097,6553,230831,206,15.7482120810192,57.99926681089785,35.22524034793224,10,917,14820,1834,0.7644763146125825,28.154983888785363,16.161395856052344,140.20495609994762,778,791,59.53340026771327,0.9173715775350989,33.78598066654243,2192.5622721634145
city of valenzuela,46.54886411917272,City of Valenzuela,725173,723638,206793.0,3.5,130,70,60,159010,130349,0.0,0.0,127.0,355.0,1447.0,980.0,1536.0,0.0,0.0,17.0,8.0,39.0,0.0,0.0,0.0,13.0,403.07,257.05,279.32,300.25,345.87,395.58,421.79,428.85,476.51,468.47,655.85,305.32,234.17,241.23,251.25,288.42,300.56,317.9,312.22,344.31,337.51,425.05,37710.94,0.7,38458,6911,822,11,11,47,5,1,2,18,2,29,1,4,84,4286,10000,884.919,92,13.695,58.631,104.985,46.25,603.001,58.357,88.49,122.02867453697255,0.015475992717977578,12.686627880519545,19.010539069964466,197.64177223415146,4522,159010,130,17.92675678769066,27.92764172873879,35.163644405130476,11,822,38458,6911,1.5168794204969023,23.63108146277898,46.78588807785888,953.0139704594627,512,519,70.72166207462625,0.6894906456804101,10.741400664899537,1101.7549154442054
city of zamboanga,1497.6357078118806,City of Zamboanga,1018849,1006757,276501.0,3.6,295,222,71,261492,238760,2.0,39.0,164.0,420.0,2491.0,1063.0,3523.0,0.0,0.0,2.0,14.0,58.0,0.0,0.0,0.0,46.0,296.27,200.69,223.74,241.32,247.6,256.4,272.98,275.46,305.68,353.94,583.22,254.24,170.33,191.89,208.42,212.21,223.83,240.59,236.85,264.44,304.88,487.55,32876.4,7.1,64781,11553,2692,18,87,17,12,0,2,25,0,38,4,8,143,12954,29815,4143.959,273,91.4,214.298,562.476,166.766,2162.358,946.661,138.99,406.7294564749045,0.02205620277613751,26.794942135684483,2.767000665371773,18.228732032495834,7822,261492,295,28.95424150193012,1.9697714101048613,33.430324725134234,18,2692,64781,11553,1.7666994814737023,1.201894419725,24.064264487369986,1133.9266171925378,1042,1056,102.36296182378692,1.1777996543158014,0.8012629464833334,69.63803062867659
cotabato (north cotabato),5340.663975003558,Cotabato,1286142,1284902,338157.0,3.8,1066,970,94,383396,357466,0.0,1.0,248.0,682.0,3144.0,2239.0,7584.0,0.0,0.0,0.0,0.0,44.0,0.0,0.0,0.0,39.0,308.53,119.52,154.46,175.69,195.32,215.19,239.3,277.73,315.12,409.87,978.86,212.82,124.21,144.25,144.02,164.89,166.7,173.77,206.17,230.48,263.97,507.89,31276.26,18.0,62353,9420,1685,19,466,20,31,0,17,26,19,91,6,25,560,18673,46229,15244.659,584,350.947,676.12,3566.57,410.99,4777.878,5462.155,329.76,1185.3013897376807,0.023020980659521476,45.4071167880374,2.8544501341689155,10.934969935074616,13981,383396,1066,82.88353852062991,1.9960064984228665,27.422645018239038,19,1685,62353,9420,1.4772863338573812,0.3557610081616741,37.00474777448071,732.423013944028,3792,3840,294.9036377802026,2.41030928155678,0.5804521712111526,71.01887635640895
cotabato city,86.3724983092634,,0,0,0.0,0.0,85,45,39,68892,52780,0.0,0.0,41.0,123.0,436.0,195.0,820.0,0.0,0.0,0.0,0.0,5.0,0.0,0.0,0.0,0.0,232.51,163.14,181.23,181.69,186.09,190.08,207.14,211.41,249.06,274.52,478.52,215.23,172.03,184.5,186.44,184.98,188.88,201.26,200.97,230.82,240.5,360.65,38572.14,33.3,0,0,197,1,0,0,0,0,0,0,0,0,0,0,0,1725,4315,504.98,72,15.12,52.794,67.038,7.625,317.067,45.336,117.03,0.0,0.029941779872470195,0.0,5.846536917247433,83.35986732975864,1620,68892,85,0.0,9.841095448652062,42.525925925925925,1,197,0,0,0.0,1.1577759351355366,0.0,0.0,263,263,0.0,0.0,0.0,305.4688710102475
davao de oro (compostela valley),4384.421750123769,Davao de Oro,783775,782265,209252.0,3.7,455,419,36,192044,184773,0.0,3.0,69.0,376.0,1849.0,1568.0,3689.0,0.0,0.0,3.0,10.0,16.0,0.0,0.0,0.0,32.0,277.72,148.71,171.72,189.89,212.72,217.12,235.21,241.42,280.34,357.12,721.42,164.95,112.81,121.2,130.62,133.72,139.89,137.89,141.67,165.95,197.64,367.49,29572.79,7.1,26673,3589,814,11,256,11,6,0,6,19,2,39,4,2,298,11934,29368,9370.589,620,397.117,877.616,1807.992,218.756,2932.7,3136.41,319.07,1195.571305540493,0.04237908630930244,79.10433478995886,2.137246262802039,14.140975374517698,7615,192044,455,58.052374724889155,1.037765128291218,25.219172685489166,11,814,26673,3589,1.4034640043379796,0.25088827277370107,32.76781326781327,457.9120283244554,1710,1722,218.18635958702185,0.7655258205479889,0.13684814878565513,39.00377831591831
davao del norte,3266.3037493796483,Davao del Norte,1143931,1131841,304382.0,3.7,558,440,118,283697,258124,0.0,101.0,302.0,540.0,2096.0,2528.0,4085.0,0.0,0.0,38.0,40.0,39.0,0.0,0.0,0.0,45.0,264.91,147.78,178.36,193.8,218.47,224.19,232.65,260.58,283.87,325.07,582.95,219.45,136.05,162.74,172.73,193.35,196.62,198.72,224.37,238.39,268.85,401.86,31286.22,7.3,63098,7794,1839,26,241,13,17,1,6,38,6,70,4,13,316,20037,49562,10507.053,491,244.077,909.482,1947.687,253.219,4070.603,3081.985,212.0,918.5040880962225,0.023229824766278422,42.92216925671216,3.216802173403361,15.032282288297683,9814,283697,558,48.77916587626352,1.7083530584256836,28.907377216221725,26,1839,63098,7794,2.2728643598258986,0.7960068014169852,34.311038607939096,681.3348007878097,2017,2040,176.3644414684705,1.4861036198861644,0.520465985541875,61.76668410945736
davao del sur (excluding city of davao),1931.5214790193033,Davao del Sur *,705129,703230,206132.0,3.4,340,277,63,139530,122655,0.0,31.0,170.0,314.0,1231.0,1308.0,1749.0,0.0,0.0,10.0,6.0,11.0,0.0,0.0,0.0,38.0,292.43,140.41,170.84,186.15,191.11,220.31,235.46,268.36,289.29,393.69,827.51,186.72,112.32,130.96,138.94,137.28,155.77,164.7,172.39,184.9,244.43,424.96,30860.97,10.1,28322,4590,849,9,255,10,14,0,11,20,0,48,1,13,310,13183,31929,7244.462,309,112.07,425.03,1284.353,177.741,3198.54,2046.728,226.89,1027.3952709362402,0.0154697477880345,43.82176878273337,3.75065049945924,15.997751169554139,4868,139530,340,48.21812746320177,1.7602703552260217,28.662695152013146,9,849,28322,4590,1.276362197555341,0.4659539175598293,33.35924617196702,650.9447207532238,1354,1379,192.1603561643937,1.9854523073083081,0.7248172050930678,70.1508325191597
davao occidental,1972.6533429983567,Davao Occidental,317598,317300,88084.0,3.6,212,201,11,68692,69692,0.0,5.0,67.0,243.0,408.0,459.0,2017.0,0.0,0.0,1.0,0.0,13.0,0.0,0.0,1.0,6.0,205.8,115.95,135.73,140.47,147.38,165.35,177.05,181.39,183.32,246.55,563.7,150.45,94.58,112.2,114.23,118.92,131.12,136.23,136.18,138.59,178.88,342.87,28904.9,19.8,4585,767,133,1,105,5,2,0,5,3,0,13,2,0,120,1935,4459,1960.204,129,132.464,410.232,369.53,0.0,452.859,595.119,439.61,617.196581842455,0.06757663998236918,40.61738424045491,0.9936890366254447,6.539415577393086,3220,68692,212,66.75105006958482,1.0746946530289412,21.332919254658385,1,133,4585,767,0.3148634437244567,0.050693144010799114,34.473684210526315,241.5002613366583,816,823,257.1885669061561,0.6297268874489134,0.10138628802159823,41.4074651089517
davao oriental,5031.158160572124,Davao Oriental,590042,589126,161976.0,3.6,435,405,30,155160,147182,0.0,17.0,150.0,351.0,1280.0,1525.0,2883.0,0.0,0.0,12.0,25.0,55.0,0.0,0.0,0.0,12.0,217.75,143.23,148.75,164.94,161.98,177.32,171.41,188.89,217.38,271.0,531.31,157.72,124.02,124.94,133.7,128.94,138.62,132.77,141.79,157.18,181.72,312.94,33616.65,29.1,23711,3647,586,10,204,11,2,0,5,9,0,23,1,1,231,7898,19316,6946.767,378,126.753,399.547,1639.655,538.959,1758.933,2482.92,359.64,1177.3343253531104,0.018246329551574136,64.06323617640778,1.3807490796930224,7.513180622352275,6310,155160,435,73.72356544110418,0.8646120557468888,24.589540412044375,10,586,23711,3647,1.6947946078414755,0.19876139212572155,40.46245733788396,618.0915934797862,1603,1610,271.77525964200026,0.33895892156829516,0.03975227842514432,31.87314185556228
dinagat islands,810.315297298249,Dinagat Islands,120533,120330,31496.0,3.8,147,144,3,28498,28297,0.0,1.0,13.0,61.0,382.0,279.0,740.0,0.0,0.0,0.0,3.0,11.0,0.0,0.0,0.0,5.0,258.84,124.18,146.29,162.74,171.6,186.68,231.77,243.52,267.21,344.91,704.46,170.62,101.74,115.73,124.45,131.05,128.81,155.36,161.86,172.62,210.82,401.19,33988.54,23.1,1865,778,38,1,84,9,0,0,3,7,17,8,0,0,103,1413,3547,1151.202,142,157.857,39.518,277.447,0.0,227.282,449.098,324.56,955.0927961637062,0.1371236325162743,117.81006031543228,1.4206840273635886,17.524042860039295,1495,28498,147,121.95830187583483,1.8141086622716738,19.06220735785953,1,38,1865,778,0.829648312080509,0.12340875253548801,49.078947368421055,645.4663867986361,664,667,551.5273083206313,0.0,0.0,82.03873390451702
eastern samar,4273.508372251808,Eastern Samar,472683,471669,120403.0,3.9,546,524,22,119652,115636,0.0,9.0,251.0,343.0,2356.0,1189.0,1772.0,0.0,0.0,1.0,5.0,6.0,0.0,0.0,0.0,26.0,250.69,127.19,147.33,164.98,172.06,170.81,194.99,208.72,250.12,348.57,720.63,194.35,123.91,138.2,150.91,149.84,147.67,163.1,170.11,201.66,254.6,442.68,32186.62,24.7,26783,4632,825,8,126,25,10,0,8,28,20,46,2,8,197,5339,14400,3157.069,346,602.858,166.299,675.75,0.0,1001.899,710.263,219.24,667.9040710158816,0.19095496487406513,73.19916307546495,0.7387534374564636,8.096392234694155,5958,119652,546,115.51081803238112,1.277638774607806,20.08257804632427,8,825,26783,4632,1.6924661982766465,0.1871998204553562,32.46424242424242,979.9379288021782,1933,1951,409.1089497204234,2.115582747845808,0.23399977556919524,45.25060648911358
guimaras,596.6233716202555,Guimaras,192874,192475,50129.0,3.8,132,116,16,43325,41069,0.0,3.0,46.0,115.0,734.0,287.0,590.0,0.0,0.0,3.0,2.0,4.0,0.0,0.0,0.0,11.0,274.65,184.35,199.47,211.85,220.44,213.93,224.67,250.78,259.41,383.25,595.81,238.72,179.72,193.64,206.79,212.08,199.65,210.92,219.62,222.32,308.69,432.21,30846.52,3.8,9044,1704,261,3,94,5,2,0,1,2,3,8,1,1,104,1818,4334,1956.175,68,217.528,103.016,527.752,0.0,494.08,613.8,451.36,1014.2243122453,0.11120068501028793,35.256177608179435,3.278743497237793,11.397475062924837,1795,43325,132,68.43846241587772,2.212451041626586,24.13649025069638,3,261,9044,1704,1.5554196003608574,0.5028297821878605,34.651340996168585,883.478333004967,567,570,294.31178565151566,1.0369464002405715,0.33521985479190697,95.14392839085897
ifugao,2506.494789929069,Ifugao,208668,208509,53784.0,3.9,280,266,14,47116,40922,0.0,3.0,52.0,120.0,1297.0,283.0,413.0,0.0,0.0,6.0,1.0,6.0,0.0,0.0,0.0,2.0,322.19,177.07,211.39,234.06,225.87,246.5,257.15,273.64,321.44,421.35,850.94,200.69,143.19,165.37,172.53,158.03,172.51,177.92,178.77,195.87,252.48,389.38,29994.08,4.6,12537,1985,476,6,189,8,3,0,6,25,1,43,3,0,231,2418,5517,2978.764,178,421.061,183.127,459.258,0.0,827.706,1087.612,539.92,1427.51356221366,0.14135426640042648,85.30296931010025,1.1884181894047725,7.101550767836912,2183,47116,280,134.1844461057757,1.1170978735923232,21.583142464498398,6,476,12537,1985,2.8753809879809076,0.23937811576978354,26.33823529411765,951.2718768570169,1197,1206,573.7830160730769,1.4376904939904538,0.11968905788489177,47.76796460100562
ilocos norte,3274.675302377456,Ilocos Norte,618850,617096,167814.0,3.7,490,424,64,112671,102881,0.0,11.0,115.0,335.0,2938.0,674.0,1184.0,0.0,0.0,11.0,0.0,30.0,0.0,0.0,0.0,28.0,447.86,304.32,348.45,359.41,388.56,400.86,411.23,456.62,441.13,483.98,881.75,302.19,248.62,273.71,264.21,285.0,280.73,276.95,304.53,284.81,302.87,499.48,36096.11,0.3,35305,3293,1542,12,114,26,8,0,10,15,2,36,4,4,173,13673,35829,8388.474,843,215.143,466.356,1022.174,275.594,4602.654,1806.553,234.13,1355.4938999757617,0.025647453875400936,136.22040882281652,2.561620076930944,25.74301028831687,5326,112671,490,79.17912256604993,1.4963315588701385,21.154900488171236,12,1542,35305,3293,1.9390805526379578,0.36644854502942165,22.895590142671853,532.1160216530661,1703,1721,275.29699509168944,1.292720368425305,0.24429903001961442,52.02578261386801
ilocos sur,2396.736849641677,Ilocos Sur,709991,709215,186223.0,3.8,603,536,63,135499,123187,0.0,1.0,175.0,396.0,3933.0,796.0,962.0,0.0,0.0,16.0,1.0,19.0,0.0,0.0,0.0,33.0,355.63,169.86,215.81,244.55,250.3,278.13,311.49,352.6,382.05,475.93,871.85,232.07,135.79,167.92,180.82,182.41,201.38,219.98,226.45,252.51,276.07,475.6,35599.23,5.2,41344,6507,1146,18,526,35,21,1,8,31,10,74,9,12,622,11788,28384,6667.712,770,329.445,146.968,890.204,251.618,3793.094,1256.383,234.91,939.126270614698,0.049409002668381594,108.45207897001511,2.781995862831939,32.127014699803965,6332,135499,603,84.9306540505443,2.5159207615560764,21.399084017687933,18,1146,41344,6507,2.53524340449386,0.7510211228525602,36.07678883071553,916.4904907245303,2485,2514,350.067335334124,2.957783971909503,0.8761913099946536,103.70127096696851
iloilo (excluding city of iloilo),4611.265752367081,Iloilo *,2082616,2078051,542613.0,3.8,1437,1210,226,459266,443818,0.0,9.0,480.0,1121.0,6330.0,4692.0,7406.0,0.0,0.0,0.0,6.0,119.0,0.0,0.0,0.0,100.0,317.32,146.75,165.19,188.28,209.58,236.12,256.32,284.6,332.18,453.98,897.31,214.57,136.98,142.64,145.71,160.31,169.28,184.24,197.83,236.16,298.19,472.93,33374.17,12.7,57419,11306,2068,27,570,45,15,0,2,39,97,83,14,1,671,20956,50146,14376.574,939,729.078,1000.441,2112.405,102.583,4936.477,5495.589,286.69,690.3132406550224,0.05071291672132734,45.087524536448385,3.1177066714535235,20.363172508936124,20263,459266,1437,68.99975799667342,3.1162810325177004,22.66525193702808,27,2068,57419,11306,1.2964463924218388,0.5855225322058311,27.765473887814313,542.8749226933818,5036,5053,241.81683224507984,0.7202479957899104,0.32529029566990614,109.21331169091748
isabela,10280.436259365046,Isabela,1733048,1730842,460261.0,3.8,1224,1067,157,388354,354379,0.0,6.0,387.0,814.0,10310.0,1110.0,2891.0,0.0,0.0,1.0,2.0,58.0,0.0,0.0,0.0,50.0,299.46,162.05,198.66,205.25,226.76,241.97,258.02,286.72,334.95,422.19,656.73,202.22,133.16,157.17,157.85,167.73,175.25,180.18,195.4,221.61,264.37,368.83,34499.81,8.4,88442,15712,2753,36,966,40,34,0,21,62,9,156,8,26,1123,30233,78802,19866.438,984,90.439,1090.474,2820.876,503.843,6916.316,8444.489,252.11,1146.3293572942005,0.004552351055584297,56.77857739658682,1.9324508706430146,9.571578240209575,15629,388354,1224,70.62701090794947,1.1906109518309473,24.848294836521852,36,2753,88442,15712,2.077265026704396,0.3501796917149845,32.1256810751907,906.6107805438742,4811,4866,277.6505683547011,1.9618614141097073,0.33072526439748534,46.80557809476632
kalinga,2824.9270726386694,Kalinga,235391,235202,55291.0,4.3,321,296,24,58689,51177,0.0,4.0,97.0,164.0,1689.0,256.0,505.0,0.0,0.0,0.0,4.0,18.0,0.0,0.0,0.0,1.0,391.39,216.06,243.97,268.44,292.2,300.76,335.45,388.51,406.48,533.41,925.77,273.92,192.12,207.54,217.47,220.71,235.97,243.91,268.44,290.12,322.99,538.57,30353.3,2.6,14783,2167,499,7,132,13,6,0,7,12,1,37,2,4,170,2851,6746,2675.053,198,222.025,315.592,364.152,210.235,812.685,750.364,396.54,1136.4296001121538,0.08299835554660039,84.11536549825608,0.9469458613320317,7.009030495610453,2738,58689,321,136.36885012596065,1.1363125197429067,21.43498904309715,7,499,14783,2167,2.973775547918145,0.2477940074205716,29.625250501002004,920.5959446198028,1256,1269,533.794904072672,2.548950469644124,0.21239486350334708,44.47920708523085
la union,1361.9860636977558,La Union,825072,823442,223792.0,3.7,486,400,83,160146,145015,0.0,1.0,170.0,413.0,4293.0,753.0,1023.0,0.0,0.0,33.0,5.0,17.0,0.0,0.0,0.0,39.0,393.32,162.58,207.22,238.58,254.82,286.02,341.18,383.27,445.3,568.23,1042.93,259.35,134.09,163.36,183.53,190.21,202.63,246.27,250.84,293.69,361.7,565.78,33304.44,6.3,46422,6532,1697,20,331,22,11,0,1,17,2,43,7,4,382,9094,21051,5238.734,531,107.23,294.819,828.479,243.567,2441.357,1323.282,248.86,634.9426474295577,0.020468685754993478,64.35801966373843,3.846393248530736,38.98718306693603,6747,160146,486,58.90395020070975,3.568318450194145,23.73588261449533,20,1697,46422,6532,2.4240308724571915,1.4684438066642573,27.355332940483205,791.6884829445189,1887,1899,228.7645525058303,1.3332169798514555,0.8076440936653415,138.58234815754776
laguna,1792.5582281656712,Laguna,3687345,3677666,1129184.0,3.3,1202,622,578,778917,606789,0.0,1.0,563.0,1231.0,6845.0,4312.0,8001.0,0.0,0.0,23.0,22.0,100.0,0.0,2.0,0.0,72.0,441.89,203.67,260.89,285.19,328.94,356.12,426.0,434.07,513.06,585.22,1022.61,332.44,186.97,229.87,247.08,268.92,289.46,331.66,332.48,373.28,426.01,636.96,38491.92,5.4,195119,28844,6891,87,479,44,56,1,5,130,9,198,17,39,715,38172,97613,10365.523,1084,350.857,683.286,1164.719,186.199,6870.631,1109.83,106.19,281.11074499402685,0.03384846090255167,29.397845875555447,5.78253070786273,60.47223364728629,21172,778917,1202,32.59798038968418,6.705500446866985,36.78995843566975,87,6891,195119,28844,2.359421209569487,4.853398825935339,28.31504861413438,782.2430502163481,4297,4358,116.54194226025909,1.5187079050102443,3.124026830487115,239.730203087126
lanao del norte (excluding city of iligan),2045.988807087329,Lanao del Norte *,761725,761122,181725.0,4.2,411,369,39,147091,134975,0.0,0.0,83.0,312.0,1356.0,791.0,2477.0,0.0,0.0,3.0,0.0,16.0,0.0,0.0,0.0,16.0,253.75,122.26,138.83,149.72,158.35,179.49,175.93,195.39,241.91,314.21,859.88,184.18,103.71,115.41,124.75,131.82,147.74,138.3,155.19,181.77,239.9,502.35,32734.33,32.4,11520,1693,437,7,233,24,9,0,3,13,25,29,3,6,282,3701,8977,3743.132,254,122.854,424.573,807.393,257.616,977.7,1152.995,416.97,491.40201516295247,0.03282117755932732,33.345367422626275,1.8294977895449611,12.414535168527856,5054,147091,411,53.95648035708425,2.008808643411397,29.10387811634349,7,437,11520,1693,0.918966818733795,0.34213285897517715,26.361556064073227,222.25868915947353,1555,1567,204.26863881328507,1.1815287669434507,0.4398851043966563,76.04955039883961
lanao del sur,3742.1306787979497,Lanao del Sur,1368137,1367024,241749.0,5.7,978,859,99,316749,256209,0.0,0.0,22.0,188.0,494.0,430.0,6979.0,0.0,0.0,0.0,0.0,0.0,0.0,0.0,0.0,2.0,257.47,224.47,232.86,229.05,233.46,237.23,229.93,225.75,240.33,256.74,464.62,217.11,205.66,211.04,204.47,204.32,205.36,195.39,192.01,201.41,211.45,339.92,33512.8,12.1,2466,198,872,3,128,44,11,0,7,43,0,63,6,5,233,4886,11981,4343.323,234,304.385,298.08,757.99,264.765,1293.291,1424.811,362.52,317.4625786745041,0.07008113373101654,17.103550302345454,1.1606550847110357,6.253122086991512,8115,316749,978,71.48406921236689,2.613484359434914,39.03253234750462,3,872,2466,198,0.21927628592750578,0.08016823188450657,2.8279816513761467,14.472234871215385,3203,3221,234.12111167023488,0.8040130484008546,0.2939501835765241,85.5955558078133
leyte (excluding city of tacloban),5492.209634406507,Leyte *,1823458,1816736,475364.0,3.8,1565,1443,120,442074,420932,0.0,16.0,509.0,1257.0,9694.0,3112.0,4313.0,0.0,0.0,19.0,14.0,40.0,0.0,0.0,1.0,173.0,249.97,126.58,148.45,160.35,179.93,186.28,198.57,217.26,243.88,358.23,677.85,197.09,113.51,130.3,138.07,149.49,154.31,163.71,175.04,191.0,275.35,478.61,33736.41,21.7,70480,11887,2690,36,322,50,12,1,18,97,26,129,8,4,500,18200,45415,13572.486,1651,1128.31,533.8,2751.816,768.832,4219.562,4170.165,298.85,744.3267681515011,0.08313215427151664,90.54225542897068,2.47122504482964,30.06076078482406,19148,442074,1565,85.82594169978141,2.8494906498031285,23.087215374973887,36,2690,70480,11887,1.974270863381553,0.6554738874946494,26.200743494423794,651.8932709171256,5251,5281,288.00638305623625,0.658090287793851,0.2184912958315498,95.62044754173127
maguindanao del norte,2472.731487813438,Maguindanao del Norte 7/,1124811,1124013,263714.0,4.3,353,321,31,137608,124298,0.0,0.0,20.0,45.0,193.0,175.0,2561.0,0.0,0.0,0.0,0.0,1.0,0.0,0.0,0.0,0.0,161.89,132.78,139.52,137.96,139.33,150.14,153.43,152.88,156.72,174.92,281.04,147.48,134.34,139.45,139.34,142.55,147.89,142.32,146.86,146.39,148.69,186.8,28023.75,28.4,0,0,0,0,217,13,9,0,3,30,0,43,5,4,272,3566,8288,3305.351,172,94.364,350.398,616.635,174.506,987.782,1081.666,398.81,293.8583459799024,0.028548859107550152,15.291457853808328,1.3367205522678172,6.955870495752631,2995,137608,353,31.383050130199653,1.4275710959306274,45.94590984974958,0,0,0,0,0.0,0.0,0.0,0.0,1350,1362,120.09223071486056,0.8001344225829938,0.36396996780100976,54.62827759032629
maguindanao del sur,2469.313851491259,Maguindanao del Sur 7/,813243,813004,173219.0,4.7,382,340,42,191149,142545,0.0,0.0,6.0,19.0,145.0,130.0,2754.0,0.0,0.0,0.0,0.0,0.0,0.0,0.0,0.0,0.0,150.8,122.77,137.57,136.01,140.33,148.95,143.8,148.82,152.93,159.13,217.42,155.91,136.05,141.04,138.33,144.14,146.76,154.38,148.46,153.15,165.53,231.1,27919.39,32.1,0,0,0,0,128,24,6,0,6,57,0,70,3,3,221,4656,11113,4430.116,174,134.506,238.862,884.675,138.712,1428.053,1605.309,398.64,544.7468960691946,0.030361733191636518,21.39581896186011,1.7940676100466455,7.046491878499713,3054,191149,382,46.9724301346584,1.5469884468890172,62.58971840209561,0,0,0,0,0.0,0.0,0.0,0.0,1403,1415,172.58303097371234,0.7377868607537968,0.2429824785689556,56.83843784110064
marinduque,922.7556608856623,Marinduque,226522,226266,60264.0,3.8,179,160,18,46779,43276,0.0,3.0,39.0,105.0,516.0,664.0,673.0,0.0,0.0,3.0,0.0,12.0,0.0,0.0,0.0,4.0,280.5,155.23,175.26,187.78,208.88,200.75,219.91,249.73,286.29,365.07,754.71,222.87,154.38,171.96,169.59,187.47,174.3,187.89,193.54,221.42,275.74,491.74,30492.73,8.5,11646,1940,531,7,69,8,1,0,2,2,1,5,1,0,82,1569,3873,1681.281,167,260.3,69.87,349.4,0.0,422.986,578.724,434.1,742.2153256637324,0.15482242409210598,73.72352354296713,1.822021875635316,18.097965374681436,2019,46779,179,79.02102224066537,1.939841797645495,23.169390787518573,7,531,11646,1940,3.090207573657305,0.7585973510345511,21.93220338983051,856.4289561278816,695,698,307.2376475743243,0.4414582248081864,0.10837105014779302,75.42200969759715
masbate,3996.6176774222617,Masbate,910813,910079,220949.0,4.1,823,753,70,253144,243972,0.0,2.0,262.0,545.0,5280.0,1020.0,4500.0,0.0,0.0,4.0,0.0,10.0,0.0,0.0,0.0,34.0,250.72,144.9,159.68,163.14,186.68,197.65,221.68,209.27,236.82,294.35,690.34,184.02,122.77,126.97,130.09,144.07,147.53,170.04,161.65,172.59,225.21,437.71,28627.17,12.9,35186,6741,742,16,428,21,3,0,8,20,0,41,2,1,480,5060,12311,5102.52,346,368.046,566.193,852.328,0.0,1181.639,2134.314,414.47,560.2159828636615,0.07213024152771572,37.98803925723502,1.276709560893256,8.657320462615855,11657,253144,823,90.3588332621515,2.059241254547066,21.71605044179463,16,742,35186,6741,1.7566723355946832,0.40033851850246727,47.42048517520216,740.1080133902349,3030,3041,332.71572479934946,0.32937606292400307,0.07506347221921263,75.82456764969466
misamis occidental,1874.978195647993,Misamis Occidental,621993,620686,160406.0,3.9,604,512,90,149216,131010,0.0,0.0,127.0,301.0,2173.0,943.0,2601.0,0.0,0.0,6.0,5.0,48.0,0.0,0.0,0.0,28.0,282.33,124.96,161.87,160.18,179.88,199.0,201.74,221.84,274.07,426.78,871.79,243.39,118.85,151.42,150.62,166.33,180.74,187.94,199.91,242.86,347.5,686.73,34598.28,22.6,34077,5832,1231,14,315,17,12,0,8,19,3,49,4,8,371,4789,12045,4955.781,268,97.96,410.861,1445.6,274.801,1174.784,1551.776,411.44,796.7583236467291,0.019766813747419426,43.087301625581,2.643113936739558,14.293499552264347,6232,149216,604,97.10720217108552,3.2213707946148,23.94351732991014,14,1231,34077,5832,2.250829189396022,0.7466753497451524,27.682372055239643,937.6311308969714,2261,2281,363.5617399176037,1.9292821623394478,0.640007442638702,120.60559307913363
misamis oriental (excluding city of cagayan de oro),2884.3258161293898,Misamis Oriental *,988065,986743,251740.0,3.9,633,543,89,253514,235086,0.0,0.0,161.0,553.0,2098.0,1232.0,5278.0,0.0,0.0,5.0,1.0,31.0,0.0,0.0,0.0,33.0,285.0,153.14,178.98,200.16,204.55,233.15,230.19,269.43,288.29,393.48,696.79,193.42,123.17,135.78,145.05,146.56,163.67,162.19,181.18,200.85,260.01,414.68,34151.34,16.3,55712,9129,1826,26,391,25,11,1,7,21,1,54,6,5,456,11176,27611,7236.963,416,150.932,253.765,1783.714,416.004,2320.257,2312.291,262.1,732.4379468962062,0.020855709777706476,42.10249325702256,2.509065709404361,14.422781146072106,9392,253514,633,64.06461113388289,2.194620304197991,26.9925468483816,26,1826,55712,9129,2.63140582856391,0.9014238216295066,30.51040525739321,923.9270695753821,2402,2420,243.12765166644712,1.1132870813155005,0.38137161684325277,83.2866806518337
mountain province,2112.353853191431,Mountain Province,149775,149353,40052.0,3.7,279,266,13,35355,33272,0.0,3.0,48.0,122.0,1206.0,369.0,486.0,0.0,0.0,2.0,3.0,8.0,0.0,0.0,0.0,4.0,312.73,183.62,199.61,219.17,225.96,240.57,243.26,304.38,338.53,430.37,739.74,216.55,170.05,165.92,174.56,171.5,182.15,186.5,209.51,224.37,263.26,416.72,36119.87,10.5,7222,1154,351,3,141,11,5,0,2,7,17,19,4,1,166,1053,2309,1807.999,118,287.933,190.712,338.163,154.603,323.536,513.052,783.02,1207.1433817392756,0.15925506595966038,78.78484393256551,0.8559167287565959,5.586185279597959,2251,35355,279,186.27941912869304,1.3208014347523989,15.706352732119058,3,351,7222,1154,2.00300450676014,0.14202165965079555,20.575498575498575,770.489066933734,1183,1190,790.2521919969591,3.338340844600234,0.2367027660846593,56.03228922915607
negros occidental (excluding city of bacolod),7504.784307137316,Negros Occidental 4/*,2680477,2674231,731952.0,3.7,1378,1132,245,650218,611209,0.0,2.0,367.0,1197.0,6965.0,4447.0,11458.0,0.0,0.0,3.0,3.0,108.0,0.0,0.0,0.0,92.0,241.78,124.88,142.39,170.59,183.62,186.29,200.26,236.63,272.78,287.63,611.28,201.43,117.9,130.42,155.5,161.75,162.49,172.85,200.72,222.47,233.93,455.23,35708.86,25.7,83708,15019,2981,40,655,30,17,2,9,51,41,98,11,6,764,30200,76326,20887.445,1550,262.436,1029.617,2551.929,900.971,9789.024,6353.468,273.66,779.2435823922384,0.012564294005322335,57.825528814461016,2.783217231191481,20.653491647000365,24642,650218,1378,51.40876045569502,1.8361620315849358,26.386575764954145,40,2981,83708,15019,1.4922717113409292,0.532993332825816,28.08050989600805,560.3107208157354,4924,4950,183.70778493854937,0.6342154773198949,0.22652216645097176,65.61474282217742
negros oriental,5139.809482738566,Negros Oriental 5/,1492038,1486507,388761.0,3.8,1039,941,98,360708,334319,0.0,2.0,184.0,632.0,6326.0,2632.0,3632.0,0.0,0.0,15.0,3.0,80.0,0.0,0.0,0.0,86.0,263.8,90.38,113.69,128.33,151.45,168.61,199.42,232.92,313.8,387.54,850.15,168.82,93.16,102.06,105.94,125.12,129.61,140.4,151.76,181.08,207.81,450.66,30724.37,25.1,66375,11542,2194,25,546,29,10,1,11,29,3,64,5,5,626,11365,27381,10327.184,566,179.325,661.537,2258.863,678.72,3184.172,3364.566,377.17,692.152880824751,0.017364365736099986,37.934690671417215,2.0092542407812215,11.012081321318295,13592,360708,1039,69.63629612650617,2.021475705450478,26.53825779870512,25,2194,66375,11542,1.6755605420237287,0.48639935164833453,30.25296262534184,773.572791041515,3793,3814,254.26013089693134,0.6702242168094915,0.19455974065933382,73.80930722378916
northern samar,3454.792953206514,Northern Samar,645789,642854,150193.0,4.3,644,610,30,169076,163320,1.0,36.0,251.0,559.0,3910.0,1113.0,2160.0,0.0,0.0,10.0,4.0,8.0,0.0,0.0,0.0,15.0,296.49,140.81,171.01,190.09,221.07,229.6,253.27,271.86,317.04,410.21,757.28,177.81,114.28,127.38,133.22,150.58,151.1,160.61,165.66,188.2,221.84,364.13,33471.69,21.8,30774,6067,1057,10,179,28,5,0,7,26,10,37,2,3,245,6125,16275,3098.633,376,450.306,262.813,878.655,62.418,959.147,485.295,190.39,479.8212728925392,0.14532408323283202,58.22335159007044,0.8969084521039242,10.883430789999188,8067,169076,644,99.72297453192917,1.8640769757339035,20.958968637659602,10,1057,30774,6067,1.5484933933529372,0.2894529465425316,29.114474929044466,939.470941747227,2262,2274,350.36011011455184,0.7742466966764686,0.1447264732712658,65.49124888678718
nueva ecija,5392.678477375636,Nueva Ecija,2395816,2393234,674461.0,3.5,1139,921,211,493886,440933,0.0,0.0,451.0,1107.0,9226.0,2578.0,3966.0,0.0,0.0,14.0,22.0,52.0,0.0,0.0,0.0,38.0,323.63,191.23,228.6,245.74,276.03,278.35,313.45,331.85,374.87,396.85,597.76,255.4,186.22,203.34,212.47,229.61,223.8,254.9,259.7,277.25,295.31,410.65,36339.27,6.9,116437,19428,3470,45,510,69,27,2,12,63,15,138,12,15,683,30086,74448,16277.064,1355,419.849,1127.062,1842.0,413.752,6686.186,5788.215,218.64,679.3954126694204,0.025793902389276098,56.55693091623063,3.0183635216318856,25.126660261403437,17454,493886,1139,47.541213515562134,2.1121229548146507,28.296436346969177,45,3470,116437,19428,1.878274458472604,0.8344647319285275,33.55533141210375,810.9136928712389,4103,4142,171.2841610737376,1.1269646750835622,0.5006788391571165,76.09675514100802
nueva vizcaya,3735.9434753207315,Nueva Vizcaya,530106,528039,140670.0,3.8,412,364,48,110840,99853,0.0,1.0,99.0,183.0,2770.0,445.0,859.0,0.0,0.0,7.0,10.0,28.0,0.0,0.0,0.0,8.0,295.27,159.98,181.24,192.21,219.53,236.46,250.51,293.72,323.34,367.68,727.31,230.68,148.25,157.71,162.22,189.14,191.7,210.12,228.72,256.01,269.58,492.83,28777.97,7.3,31299,4596,1184,7,263,14,7,0,5,20,0,41,4,3,309,7993,19198,6582.816,474,144.021,533.175,994.285,199.933,1819.695,2891.708,342.89,1241.7923962377336,0.02187832684370944,89.41607904834127,1.7620223762713283,12.687558126379495,4410,110840,412,77.72030499560465,1.1028004109848843,25.133786848072564,7,1184,31299,4596,1.3204906188573606,0.18736900186636385,26.434966216216218,866.9964120383471,1611,1623,304.05675570670576,1.3204906188573606,0.18736900186636385,43.14366949216795
occidental mindoro,5971.943088601029,Occidental Mindoro,511417,506821,131118.0,3.9,356,311,44,121575,112861,0.0,0.0,95.0,268.0,2688.0,641.0,821.0,0.0,0.0,0.0,5.0,22.0,0.0,1.0,2.0,2.0,269.17,98.01,135.02,161.89,168.61,187.48,192.16,221.99,280.54,373.66,871.5,190.21,88.01,111.26,133.17,138.23,144.85,152.1,169.59,205.3,244.13,515.01,29253.1,20.6,24733,4494,799,10,134,14,3,0,7,21,4,32,3,0,179,7810,20401,5162.554,488,507.444,299.69,535.152,0.0,2334.626,1485.642,253.05,1009.4607727158074,0.09829320913640807,95.42115338363801,0.864468050583745,8.17154471768949,4545,121575,356,69.61051353396543,0.5961208851429218,26.74917491749175,10,799,24733,4494,1.955351503763074,0.1674496868378994,30.9549436795995,878.7349657911254,1306,1316,255.40931068367072,0.5866054511289223,0.05023490605136982,21.872389187906627
oriental mindoro,4116.6503697385115,Oriental Mindoro,919504,917852,235504.0,3.9,704,608,93,232149,206293,0.0,0.0,253.0,476.0,5164.0,1332.0,1463.0,0.0,0.0,9.0,10.0,48.0,0.0,0.0,6.0,26.0,266.37,120.57,162.72,174.33,195.08,226.04,215.53,258.6,274.36,332.71,700.28,198.3,108.58,142.74,142.24,155.26,175.83,161.02,196.37,198.97,243.6,456.38,31191.05,14.1,45805,8923,1461,30,422,19,11,0,8,14,7,33,3,8,474,10042,24371,7558.597,538,319.615,185.674,1004.247,254.083,3106.798,2688.179,310.15,822.029811724582,0.04228496373070294,58.50980528632828,1.8361037059555096,13.068877647585447,8787,232149,704,76.56301658285336,1.710128227490735,26.419597132127006,30,1461,45805,8923,3.2626285475647743,0.7287478242148019,31.351813826146476,970.4144843306826,2642,2661,287.35852642406604,1.1962971341070838,0.26720753554542737,64.18502684205801
palawan (excluding city of puerto princesa),11309.929391200605,Palawan *,968795,966836,246439.0,3.9,843,788,54,243624,234860,0.0,0.0,125.0,452.0,2707.0,919.0,5299.0,0.0,0.0,2.0,2.0,19.0,0.0,1.0,0.0,9.0,244.42,111.91,138.52,156.72,158.55,155.71,188.79,208.56,236.0,305.81,779.67,157.39,96.08,108.38,120.65,120.93,120.16,137.87,149.18,160.72,197.15,360.86,29552.3,19.6,22741,3987,646,22,335,25,11,0,11,7,15,31,7,4,389,9968,25176,10480.036,589,895.77,1089.255,2069.222,0.0,2844.005,3581.784,416.27,1081.759918248959,0.08547394302843998,60.79717587312073,0.926622584235912,5.207813237616285,9535,243624,843,87.01531283708113,0.7453627435162187,25.550498164656528,22,646,22741,3987,2.270862256720978,0.19451933994492066,35.202786377708975,411.5421735248427,2982,3004,307.88357450034295,1.135431128360489,0.09725966997246033,26.37293808307288
pampanga (excluding city of angeles),1993.1191544300445,Pampanga *,2586446,2579251,643873.0,4.0,887,657,229,510802,434811,0.0,0.0,442.0,1056.0,6999.0,3231.0,4886.0,0.0,0.0,12.0,4.0,61.0,0.0,0.0,0.0,48.0,431.51,281.58,320.42,348.01,384.56,361.22,417.59,451.39,476.7,521.36,750.26,343.85,262.79,284.66,309.43,327.26,306.9,342.09,361.02,375.11,387.13,481.17,38397.48,1.2,110920,18503,3609,42,438,51,38,1,5,49,7,117,15,23,582,40360,99552,12083.088,1819,240.339,620.861,1403.759,330.731,7596.031,1891.366,121.37,467.1695446183682,0.01989052798423714,70.3281645934228,6.062401223300319,91.26398669928814,16739,510802,887,34.294162723675655,4.450310951196733,30.515681940378755,42,3609,110920,18503,1.6238498696667165,2.1072498303299074,30.734275422554724,715.3831937724584,3237,3280,125.18121289502554,1.469197501127029,1.9065593702984878,162.4461069714993
pangasinan,5155.023090996091,Pangasinan,3188540,3184861,873831.0,3.6,1696,1408,287,727759,653079,0.0,77.0,672.0,1687.0,17171.0,3991.0,4146.0,0.0,0.0,144.0,7.0,77.0,0.0,0.0,0.0,173.0,299.75,150.63,194.35,194.35,232.41,234.34,272.33,278.27,308.59,402.26,729.24,211.16,130.92,158.34,160.35,180.35,181.56,199.27,193.44,220.29,286.79,399.95,34501.91,11.4,186873,33672,4832,66,1225,76,44,9,16,77,60,150,16,28,1447,33752,79882,19932.271,1881,760.912,885.378,3242.616,494.703,8899.444,5649.219,249.52,625.1221875842862,0.03817487731327755,58.99251695133196,3.866572593014039,36.4886823355924,28145,727759,1696,53.19048843671398,3.2899949623160403,25.85748800852727,66,4832,186873,33672,2.0699128754853318,1.2803046433541192,38.674048013245034,1056.031914293062,6530,6590,204.81099448020188,1.3799419169902214,0.8535364289027462,126.68188615498836
pasay city,17.884509727648915,Pasay City,453186,449827,134259.0,3.4,69,29,40,78757,63982,0.0,0.0,118.0,129.0,584.0,661.0,756.0,0.0,0.0,39.0,32.0,64.0,0.0,0.0,0.0,3.0,477.31,290.61,328.04,356.43,404.18,461.21,490.03,519.58,565.5,569.28,783.94,332.99,254.82,278.47,287.51,299.44,334.22,352.84,341.82,380.67,369.45,429.16,37710.94,0.5,26452,3040,1078,15,0,13,5,1,0,11,1,29,2,3,30,1377,2990,311.477,30,32.085,25.869,45.958,31.975,153.493,22.098,104.17,68.73049917693838,0.10300921095297567,6.619798493333863,17.416021168221675,167.74292645898424,2386,78757,69,15.225536534667883,38.580873085566374,33.00796311818944,15,1078,26452,3040,3.3098992466669315,83.87146322949212,24.538033395176253,670.8062473244981,285,290,63.06602799297293,1.103299748888977,27.957154409830704,1598.0667850144425
pateros,1.6091693148187722,Municipality of Pateros,67319,67157,17626.0,3.8,18,10,8,12539,8150,0.0,0.0,15.0,35.0,89.0,156.0,130.0,0.0,0.0,0.0,0.0,2.0,0.0,0.0,0.0,1.0,504.77,249.26,311.12,344.23,418.58,469.24,499.84,518.34,589.07,723.67,916.84,363.61,233.41,270.86,276.33,318.23,366.1,362.38,374.75,419.03,479.12,532.95,37710.94,0.8,7015,682,76,1,0,5,1,0,0,4,0,5,0,1,10,184,415,35.829,7,0.0,3.935,13.149,0.0,18.736,0.01,86.34,53.22271572661508,0.0,10.398253093480296,22.265525243398724,435.00705211920814,428,12539,18,26.73836509752076,111.85895625922493,29.296728971962615,1,76,7015,682,1.4854647276400421,62.1438645884583,92.30263157894737,1013.0869442505087,201,202,299.4657100621603,1.4854647276400421,62.1438645884583,12528.036639789516
quezon (excluding city of lucena),8244.912319057114,Quezon *,1980338,1976657,522695.0,3.8,1342,1134,206,546222,500859,0.0,1.0,361.0,910.0,5380.0,5666.0,7876.0,0.0,0.0,11.0,14.0,120.0,0.0,0.0,0.0,46.0,247.11,146.12,168.03,174.17,190.7,192.09,206.78,234.87,275.04,299.0,583.16,217.08,149.35,164.86,165.99,176.97,180.47,189.83,209.65,242.22,253.08,437.66,28988.26,7.5,57212,10228,1918,48,679,33,23,1,7,77,1,109,12,11,820,19374,48608,12581.852,982,1002.022,1226.123,2440.553,367.706,4516.404,3029.045,258.84,635.3386139133825,0.07964026281663462,49.587494660002484,1.5260140451607445,11.910375295686606,20385,546222,1342,67.76620960664292,1.6276704324655218,26.795290654893304,48,1918,57212,10228,2.4238286595520564,0.5821772038624817,29.82898852971846,516.4774902062172,4883,4913,246.59395921499805,1.1614178993686937,0.2789599101841058,59.22917905084007
quezon city,2319.068383249083,Quezon City,3084270,3072127,808335.0,3.8,590,158,430,575963,421470,0.0,0.0,460.0,856.0,4530.0,3131.0,5618.0,0.0,0.0,39.0,33.0,118.0,0.0,0.0,0.0,32.0,480.7,275.73,336.15,334.79,389.89,410.46,423.1,494.21,554.9,597.53,986.46,392.13,260.54,292.62,283.22,317.6,334.11,343.35,396.48,429.49,461.43,799.63,37710.94,0.7,172792,35160,9769,87,1,67,41,1,9,75,2,137,14,27,194,17497,43520,6511.666,518,321.976,528.346,847.43,158.709,3293.135,1362.07,149.62,211.12503120673614,0.04944602502646788,16.79489798234266,2.8078801155820012,22.33655565060426,14817,575963,590,19.129323956722335,2.544125064451065,38.87176891408517,87,9769,172792,35160,2.8207647190421072,3.751506450970214,17.687787900501586,1139.9780174887412,1933,1983,62.69468785226888,1.329325902077315,1.7679513159744686,83.38147606980179
quirino,2768.0673991759854,Quirino,210841,210616,53373.0,3.9,227,209,18,52856,51235,0.0,6.0,44.0,107.0,1717.0,191.0,509.0,0.0,0.0,6.0,0.0,17.0,0.0,0.0,0.0,8.0,311.14,151.53,172.06,192.18,196.22,245.97,240.91,275.54,347.93,426.99,859.56,196.93,123.83,133.89,139.35,142.07,172.98,165.9,177.12,215.48,262.83,434.8,29188.68,6.7,9679,1416,193,3,132,5,2,0,2,12,0,19,2,0,153,4085,10242,3393.974,203,146.412,326.557,593.391,0.0,937.368,1390.247,331.38,1609.731503834643,0.04313881013820377,96.28108384991533,1.2261168210753606,7.333636459156676,2605,52856,227,107.66406913266394,0.8200667370584065,20.29021113243762,3,193,9679,1416,1.4228731603435765,0.10837886392842377,50.15025906735751,671.5961316821681,938,942,445.11462944575413,0.9485821068957176,0.0722525759522825,33.90394815346967
rizal,1200.29800196424,Rizal,3416541,3406109,948077.0,3.6,1044,473,569,828336,668532,0.0,0.0,366.0,1171.0,5442.0,4027.0,10722.0,0.0,1.0,16.0,13.0,103.0,0.0,0.0,0.0,60.0,506.05,217.04,268.61,309.31,349.8,362.08,409.5,516.27,571.15,673.02,1380.41,369.37,194.8,235.94,258.08,282.08,290.97,325.24,387.96,418.86,477.14,820.81,39054.98,5.6,126733,21018,3321,71,265,49,38,0,9,119,4,167,10,28,480,30882,77823,7532.014,720,313.795,306.013,951.642,0.0,5345.561,615.003,96.78,220.45729877089138,0.0416614998325813,21.07394584171535,6.275120001594736,59.985103601084774,21921,828336,1044,30.557221470487256,8.697840022157292,37.78732722047352,71,3321,126733,21018,2.0781252149469305,5.915197716218082,38.161096055405,615.1836023627405,3602,3649,105.43573343602915,1.1122360305349768,3.16588046783503,300.1133931405115
romblon,1310.1825999472212,Romblon,302824,301921,81117.0,3.7,298,271,26,79762,75685,0.0,0.0,80.0,202.0,891.0,1008.0,1534.0,0.0,0.0,0.0,1.0,24.0,0.0,0.0,0.0,26.0,239.59,136.6,151.58,157.25,150.35,165.17,165.79,176.77,218.78,309.51,762.35,194.53,131.93,144.85,148.42,141.39,152.15,148.63,156.67,186.92,243.51,489.8,33379.16,23.0,16530,3217,523,12,200,18,3,0,8,7,21,19,2,1,236,2378,5920,2550.092,274,443.035,230.328,479.311,0.0,791.592,605.827,430.76,842.1036641745701,0.1737329476740447,90.48159987319367,1.9463638122676388,20.913115470396086,3766,79762,298,98.40699548252451,2.2744921205029325,21.179500796601168,12,523,16530,3217,3.962697804665416,0.915902867316617,31.606118546845124,1062.333236467387,1218,1229,402.4388712925751,0.990674451166354,0.22897571682915424,93.01615573677444
samar (western samar),5406.666604328337,Samar,806179,804656,195382.0,4.1,991,974,17,207038,205036,0.0,12.0,286.0,668.0,5340.0,1769.0,2447.0,0.0,0.0,13.0,3.0,11.0,0.0,0.0,1.0,62.0,231.43,112.39,133.66,145.3,165.46,167.61,176.12,190.69,222.13,302.86,697.2,179.19,107.29,123.51,130.87,142.19,145.16,152.23,151.72,174.92,226.07,437.38,29039.13,24.9,30145,5320,1056,12,164,29,6,1,5,32,22,43,3,3,237,5953,15314,3820.841,417,257.04,531.021,955.359,414.22,1011.424,651.778,249.5,473.9444961974946,0.06727314745627992,51.725485283045074,0.7066906986536223,7.712700458840358,10612,207038,991,122.92555375419106,1.8329223392591834,19.509800226159065,12,1056,30145,5320,1.488503173612808,0.221948214642888,28.546401515151516,659.9030736350117,3323,3334,412.28541999896436,0.744251586806404,0.110974107321444,61.475188306092285
sarangani,3719.208203350931,Sarangani,580915,580384,148375.0,3.9,373,345,28,153473,147166,0.0,2.0,87.0,316.0,1158.0,1340.0,3490.0,0.0,0.0,6.0,4.0,24.0,0.0,0.0,0.0,9.0,203.58,97.64,125.6,134.17,145.07,161.52,167.01,182.65,225.85,290.85,504.22,162.31,98.03,115.03,121.59,130.81,139.47,140.48,150.24,173.28,224.12,329.43,27755.07,23.1,5148,1077,134,5,145,8,4,0,3,15,34,27,4,0,175,7392,17668,5655.954,212,346.431,366.91,920.883,80.368,1732.585,2208.777,320.12,973.6284998665898,0.06125067495244834,36.494151467942814,1.5207414295612975,5.700137997356328,6436,153473,373,64.2090495167107,1.0029016382141085,23.84602237414543,5,134,5148,1077,0.8607111195269532,0.1344372169187813,38.417910447761194,185.3971751461057,1352,1359,232.77277246325622,0.6885688956215625,0.10754977353502504,36.35752227951663
siquijor,279.8766552478987,Siquijor,107642,107057,27711.0,3.9,79,66,12,18777,16820,0.0,0.0,14.0,41.0,311.0,318.0,164.0,0.0,0.0,0.0,0.0,3.0,0.0,0.0,0.0,5.0,354.96,169.87,178.74,199.59,219.4,222.0,290.62,312.35,377.46,432.1,1136.51,230.26,151.12,155.0,151.15,170.76,153.12,202.44,211.66,255.2,277.29,570.41,31071.87,3.5,5127,856,150,4,83,7,1,0,1,7,1,15,1,0,99,751,1854,948.847,38,117.872,97.525,251.127,0.0,152.636,329.687,511.78,881.4839932368407,0.12422656128964944,35.30220545883577,3.390232740774916,13.577409650812703,856,18777,79,73.39142713810594,2.8226720063531676,21.935747663551403,4,150,5127,856,3.7160216272458704,1.4292010158750212,34.18,795.2286282306162,409,411,380.16211064868645,0.9290054068114676,0.3573002539687553,146.21230155191068
sorsogon,1991.2347611995253,Sorsogon,845066,844122,208426.0,4.0,680,614,65,223111,214600,0.0,5.0,275.0,539.0,4383.0,1441.0,2928.0,0.0,0.0,13.0,2.0,22.0,0.0,0.0,0.0,60.0,239.54,143.63,155.06,163.8,168.85,185.23,187.73,195.43,221.6,303.92,668.07,203.51,137.19,145.85,153.9,157.27,172.56,169.05,180.6,193.32,251.39,472.73,34370.5,28.4,38556,6694,1088,25,536,18,9,0,7,26,5,61,5,4,596,5313,13493,3993.935,450,100.908,514.506,824.428,224.232,1027.314,1302.548,296.0,472.618115034802,0.025265308524049592,53.25027867645841,2.0057579738081923,22.59904300429743,9668,223111,680,80.46708777775937,3.4149664984271677,23.07726520479934,25,1088,38556,6694,2.9583488153588005,1.2555023891276351,35.4375,792.1274788004724,2702,2718,319.84271693290066,1.0650055735291681,0.4519808600859486,135.7389950669585
south cotabato (excluding city of general santos),3613.941092879877,South Cotabato *,1010009,1006296,277245.0,3.6,559,439,120,262173,230443,0.0,1.0,122.0,443.0,2258.0,1602.0,4202.0,0.0,0.0,8.0,4.0,36.0,0.0,0.0,0.0,30.0,251.85,114.48,141.88,160.55,177.71,195.65,209.91,230.17,277.3,320.86,686.88,199.32,106.26,123.5,139.52,152.0,164.71,173.73,186.33,221.1,245.23,478.79,28134.03,13.0,70628,11274,1672,28,231,12,14,0,10,25,74,58,4,10,292,17530,44777,10039.281,489,307.481,686.935,1525.308,232.699,4408.478,2878.379,224.21,993.9793605799554,0.03062779097427395,48.41541015971145,2.7779315550491996,13.53093444061441,8706,262173,559,55.346041470917584,1.5467878021070458,30.114059269469333,28,1672,70628,11274,2.772252524482455,0.7747774321824201,42.24162679425837,1116.2276771791142,2001,2025,198.20544463198098,1.3861262622412276,0.38738871609121006,55.393620920305494
southern leyte,1632.602635997821,Southern Leyte,434372,433844,106977.0,4.1,459,419,39,96640,86211,0.0,20.0,98.0,244.0,2420.0,818.0,1143.0,0.0,2.0,9.0,15.0,24.0,0.0,0.0,0.0,48.0,303.51,173.57,177.41,207.04,209.28,224.15,228.49,263.85,314.36,420.25,814.8,230.48,156.91,155.38,181.06,180.41,190.23,187.98,208.36,236.58,304.84,502.04,31448.67,7.1,20924,3451,752,8,107,21,8,0,6,13,7,27,3,5,155,2895,7208,2621.064,348,414.44,70.16,710.229,98.295,690.585,637.356,363.63,603.4145847338226,0.15811899289754086,80.11566123046606,1.6054512850875358,21.31565834372844,4841,96640,459,105.66979455397677,2.8114618332676304,19.96281759966949,8,752,20924,3451,1.8417393386314036,0.49001513433858485,27.824468085106382,794.4803072021217,1625,1639,374.2140967620483,1.8417393386314036,0.49001513433858485,99.56380202668092
special geographic area,544.9893547591597,Special Geographic Area 8**,214703,214543,51941.0,4.1,8,7,1,1332,636,0.0,0.0,0.0,0.0,2.0,0.0,16.0,0.0,0.0,0.0,0.0,0.0,0.0,0.0,0.0,0.0,0.0,0.0,0.0,0.0,0.0,0.0,0.0,0.0,0.0,0.0,0.0,0.0,0.0,0.0,0.0,0.0,0.0,0.0,0.0,0.0,0.0,0.0,0.0,0.0,0,0,0,0,57,9,0,0,0,2,2,2,0,0,68,1062,2272,1011.892,42,28.855,42.218,234.229,18.402,363.845,324.342,445.38,471.29849140440524,0.02851588904744775,19.561906447511213,1.8567188352645396,7.706572547377652,18,1332,8,3.726077418573565,0.1467918580452886,74.0,0,0,0,0,0.0,0.0,0.0,0.0,95,95,44.65371665818309,0.0,0.0,17.59169577155993
sultan kudarat,4239.686535712146,Sultan Kudarat,863651,862011,226000.0,3.8,518,439,78,202084,181818,0.0,1.0,146.0,379.0,2338.0,1511.0,3169.0,0.0,0.0,1.0,0.0,22.0,0.0,0.0,0.0,22.0,293.83,102.15,122.92,131.75,151.12,158.62,175.73,198.47,250.4,313.29,1330.8,182.2,103.15,119.02,127.59,137.37,138.1,147.88,163.99,195.91,224.08,463.85,29215.48,26.4,28134,5756,960,22,257,15,19,0,13,29,4,71,2,17,333,10128,25419,7928.556,336,681.27,535.433,1632.007,113.23,2668.761,2297.856,311.91,918.0277681609816,0.08592611315351749,38.9046038272404,1.8700807083767643,7.925114207613502,7589,202084,518,59.97793090032895,1.221788440340415,26.628541309790485,22,960,28134,5756,2.5473252505931216,0.518906287403265,29.30625,666.4729155642731,1915,1947,221.75620931842488,2.1999627164213322,0.44814633912100166,45.17314436358373
sulu,1515.690665842951,Sulu 6/,1146097,1141115,190255.0,6.0,480,460,14,159636,138161,0.0,1.0,9.0,25.0,84.0,193.0,3128.0,0.0,0.0,0.0,0.0,0.0,0.0,0.0,0.0,0.0,228.09,176.8,194.81,196.54,200.25,206.99,201.81,234.48,235.5,276.24,356.75,159.94,139.68,149.11,147.53,147.53,149.75,140.53,161.68,162.69,178.85,221.69,30407.4,13.0,0,0,349,2,125,21,5,0,7,14,0,26,5,0,172,1373,3390,1553.967,48,168.476,134.133,402.534,0.0,375.154,473.671,458.4,135.5877382106401,0.10841671669990417,4.188127182952228,1.025253394389522,3.1668731015972056,3440,159636,480,41.881271829522284,3.1668731015972056,46.40581395348837,2,349,0,0,0.17450529928967617,0.13195304589988358,0.0,0.0,1639,1651,143.01129354069678,0.43626324822419044,0.329882614749709,108.13869755010752
surigao del norte,1986.2759879971525,Surigao del Norte *,565644,564031,138729.0,4.1,497,434,63,136945,129683,0.0,0.0,106.0,326.0,2176.0,1120.0,1853.0,0.0,0.0,0.0,2.0,33.0,0.0,0.0,0.0,46.0,333.69,162.08,190.28,225.37,217.03,256.49,251.32,304.27,320.33,473.01,935.62,208.97,120.05,133.95,157.62,154.17,175.31,168.51,192.47,213.34,281.17,492.6,29864.86,6.8,28794,4922,849,13,250,29,7,0,5,19,6,41,4,3,310,5730,15047,3196.454,338,273.391,272.302,678.357,220.045,938.097,814.262,212.43,565.0999568633275,0.08552946483822386,59.75489884096711,1.6092698191569654,17.01676917218437,5662,136945,497,87.86445184603744,2.502169904904034,24.186683150830095,13,849,28794,4922,2.298265340037197,0.6544911220070913,33.91519434628975,870.1586156663908,1879,1891,332.25255138407573,1.2375274907892597,0.35241829646535683,94.61759761018848
surigao del sur,4734.893659386895,Surigao del Sur,648858,646121,157033.0,4.1,546,505,41,160564,146753,0.0,0.0,102.0,370.0,2466.0,1247.0,2167.0,0.0,0.0,0.0,3.0,32.0,0.0,0.0,0.0,24.0,247.8,156.98,166.02,179.22,190.6,202.77,202.77,229.21,230.68,305.38,613.13,202.66,148.54,154.06,164.23,172.99,180.02,180.18,196.2,201.05,236.43,392.18,28997.48,10.3,41525,6188,1314,14,313,23,8,1,4,18,2,37,6,2,367,6697,17334,6185.073,575,45.164,345.667,1829.023,592.162,1333.578,2039.48,356.82,953.2244343138252,0.007302096515271525,88.61723212166606,1.306274954610255,12.143884136871087,6411,160564,546,84.14784128422552,1.1531409980402805,25.04507877086258,14,1314,41525,6188,2.157636956005782,0.2956771789846873,31.601978691019788,953.6755345545558,2078,2090,320.3013575053812,1.2329354034318756,0.1689583879912499,43.89329796588036
tarlac,2971.6426475814606,Tarlac,1568162,1564206,401898.0,3.9,789,608,179,359250,308842,0.0,0.0,317.0,672.0,6036.0,1510.0,3141.0,0.0,0.0,3.0,0.0,27.0,0.0,0.0,0.0,49.0,367.82,182.04,254.49,275.75,298.23,324.42,352.28,351.9,396.29,496.58,744.25,299.67,171.3,221.96,242.97,254.74,273.32,299.19,294.92,322.31,387.54,527.19,36681.78,6.7,59160,10546,1804,26,242,47,20,1,7,55,19,113,7,13,372,38553,90818,12883.03,1106,172.235,686.562,1832.926,403.085,7462.362,2325.861,141.86,821.5369330464583,0.013369137539848933,70.52842754766408,4.335322758436365,37.21847244654883,11755,359250,789,50.31367932649815,2.65509717543644,30.561463207145895,26,1804,59160,10546,1.657991967666606,0.8749369652895747,32.79379157427938,672.5070496543086,2762,2789,176.19153993668604,1.2753784366666199,0.6730284348381343,92.9778275577866
tawi-tawi,1154.9901366154122,Tawi-Tawi,482645,478126,82218.0,5.8,309,266,17,94237,80480,0.0,0.0,1.0,30.0,61.0,530.0,1971.0,0.0,0.0,0.0,0.0,0.0,0.0,0.0,0.0,0.0,190.0,129.74,139.55,155.36,160.98,168.0,178.64,188.2,210.07,243.74,324.44,122.67,101.46,108.5,115.65,118.82,123.63,126.15,125.48,130.06,133.66,142.99,31379.59,32.3,0,0,254,6,73,11,1,0,4,14,0,20,1,0,103,913,2201,1168.398,38,0.0,143.894,464.795,0.0,199.704,360.005,530.85,242.08227579276695,0.0,7.873281604491915,1.0116086388615215,3.290071386354463,2593,94237,309,64.02221094178952,2.675347522061919,36.34284612418048,6,254,0,0,1.2431497270250391,0.5194849557401784,0.0,0.0,1065,1070,220.80360481593124,0.20719162117083986,0.0865808259566964,92.26897483183501
zambales (excluding city of olongapo),3587.604284982658,Zambales *,681225,680047,180830.0,3.8,354,280,72,141501,127997,0.0,0.0,102.0,210.0,1358.0,839.0,2515.0,0.0,0.0,6.0,0.0,26.0,0.0,0.0,0.0,19.0,302.87,170.4,201.14,225.23,241.74,267.66,270.6,338.5,333.94,393.42,584.55,257.39,167.81,188.58,215.96,215.62,238.2,231.17,296.39,286.54,318.68,414.13,39714.31,13.3,21116,4146,719,13,214,18,7,0,2,5,36,16,4,3,246,8670,21981,4596.676,450,266.059,285.275,670.889,0.0,2130.558,1243.895,209.12,674.7661932547984,0.05788073816818936,66.05746999889904,1.2812661695274512,12.543189389188033,5075,141501,354,51.965209732467244,0.9867308986161254,27.881970443349754,13,719,21116,4146,1.9083269110793057,0.3623588045765432,29.36856745479833,608.6094902565231,1349,1358,198.1653551515407,1.0275606444273184,0.19511627938736942,37.628228572527995
zamboanga del norte,6290.228840894739,Zamboanga del Norte,1067067,1065769,292347.0,3.6,928,857,68,273192,262210,0.0,29.0,249.0,570.0,5701.0,1235.0,3090.0,0.0,1.0,19.0,19.0,101.0,0.0,0.0,0.0,36.0,237.56,128.39,137.52,158.4,166.56,173.36,183.61,195.29,224.53,278.83,726.91,185.95,114.2,118.92,134.76,139.72,143.77,150.59,154.17,178.09,212.4,511.43,37169.25,37.7,50363,9185,1638,22,551,31,8,0,9,26,4,44,5,3,625,7526,18118,9800.956,565,511.403,700.614,2613.027,500.006,2067.234,3408.672,540.95,918.4949023819498,0.05217888948792342,52.94887762436661,1.5581239169362058,8.98218513652093,11050,273192,928,86.96736006267648,1.4753040365825525,24.723257918552036,22,1638,50363,9185,2.0617262083824164,0.34974880177603623,30.746642246642246,860.7706919996589,3477,3494,325.88793994184607,0.7497186212299696,0.12718138246401317,55.28324568243559
zamboanga del sur (excluding city of zamboanga),3875.082035574496,Zamboanga del Sur *,1045126,1043340,267689.0,3.9,925,823,100,241295,220276,1.0,24.0,246.0,523.0,5010.0,943.0,3206.0,0.0,0.0,19.0,1.0,35.0,0.0,0.0,0.0,17.0,231.55,90.81,119.86,135.68,136.96,155.0,174.41,185.5,219.05,334.35,760.72,165.37,88.27,106.05,118.45,114.56,122.69,137.04,142.56,164.24,226.89,431.35,31801.37,32.2,38799,5506,1045,21,217,31,12,0,9,40,2,63,2,10,309,6934,16935,7106.624,463,70.398,775.729,1586.231,328.191,2000.742,2345.333,419.64,679.9777251738068,0.00990596941670194,44.300878554356125,1.8339286587377797,11.948134149148624,10025,241295,925,88.50607486561428,2.387046239300751,24.06932668329177,21,1045,38799,5506,2.009327105057189,0.5419240110844948,37.12822966507177,526.8264304973754,3151,3172,301.5802038323527,1.1481869171755368,0.3096708634768542,81.33745536660967
zamboanga sibugay,2728.102500659148,Zamboanga Sibugay,661498,660340,156635.0,4.2,559,508,50,170500,160458,0.0,6.0,162.0,414.0,3972.0,742.0,1523.0,0.0,5.0,8.0,11.0,29.0,0.0,0.0,0.0,20.0,261.55,123.46,138.92,143.16,150.25,158.56,176.91,205.06,249.24,348.63,919.65,199.4,113.93,125.53,129.92,133.02,140.52,151.15,173.93,202.48,265.99,556.54,26557.31,17.8,24946,3555,554,19,208,15,8,0,9,11,2,33,2,6,251,3819,9123,4283.495,288,19.987,335.68,913.915,285.317,979.574,1749.021,469.53,647.5446637782729,0.0046660495693353204,43.537546598780345,1.5701371187354753,10.556788094670752,6892,170500,559,84.50516857193824,2.049043244764219,24.738827626233313,19,554,24946,3555,2.872268699225092,0.6964547701345287,45.02888086642599,537.4165908286949,1996,2013,301.82316678458625,1.209376294410565,0.2932441137408542,73.18472129746982
