DOMAIN,total_population,household_population,number_of_households,avg_household_size
Abra,246948,246214,64201,3.8
Agusan Del Norte (Excluding City of Butuan),404100,403614,98048,4.1
Agusan del Sur,740531,737524,187718,3.9
Aklan,634422,629082,161855,3.9
Albay,1379398,1377632,339427,4.1
Antique,643173,641322,166053,3.9
Apayao,126587,126382,30225,4.2
Aurora,240824,239990,62823,3.8
Basilan,541947,541749,105684,5.1
Bataan,891440,887772,246157,3.6
Batanes,18937,18595,6246,3.0
Batangas,2994795,2990129,824812,3.6
Benguet (Excluding City of Baguio),473190,471906,133209,3.5
Biliran,184095,183674,44802,4.1
Bohol,1412726,1404668,347256,4.0
Bukidnon,1601902,1598790,417328,3.8
Bulacan,3876806,3870674,1100041,3.5
Cagayan,1284676,1281823,324635,3.9
Camarines Norte,604666,602472,150221,4.0
Camarines Sur,2063314,2059537,488608,4.2
Camiguin,94892,94770,24103,3.9
Capiz,835098,833824,217592,3.8
Catanduanes,261169,260700,62544,4.2
Cavite,4573884,4549557,1320135,3.4
Cebu (Excluding the Cities of Cebu  Lapu-Lapu and Mandaue),3400522,3389549,893690,3.8
Cebu (Excluding the Cities of Cebu  Lapu-Lapu and Mandaue),965332,946912,298505,3.2
City of Angeles,483452,482041,134391,3.6
City of Bacolod,624787,621831,172580,3.6
City of Baguio,368426,365342,96660,3.8
City of Butuan,385530,383881,93109,4.1
City of Cagayan de Oro,741617,736876,206005,3.6
City of Caloocan,1712945,1710978,409606,4.2
City of Cebu,3400522,3389549,893690,3.8
City of Cebu,965332,946912,298505,3.2
City of Davao,1848947,1841875,543854,3.4
City of General Santos (Dadiangas),722059,720638,184938,3.9
City of Iligan,368132,367556,96329,3.8
City of Iloilo,2082616,2078051,542613,3.8
City of Iloilo,473728,471277,110959,4.2
City of Isabela (not a province),1733048,1730842,460261,3.8
City of Isabela (not a province),151297,150686,34129,4.4
City of Lapu-Lapu (Opon),497813,496275,141692,3.5
City of Las Piñas,615549,614802,162942,3.8
City of Lucena,280331,279537,70662,4.0
City of Makati,309770,308647,88533,3.5
City of Malabon,389929,388936,106410,3.7
City of Mandaluyong,465902,457236,136548,3.3
City of Mandaue,364482,362059,102593,3.5
City of Manila,1902590,1880769,478871,3.9
City of Marikina,471323,467823,117323,4.0
City of Muntinlupa,552225,525722,138106,3.8
City of Navotas,252878,252571,73562,3.4
City of Olongapo,264903,264324,70922,3.7
City of Parañaque,703245,696999,214849,3.2
City of Pasig,853050,851357,252362,3.4
City of Puerto Princesa,316384,310494,82828,3.7
City of San Juan,134312,133057,36868,3.6
City of Tacloban,259353,256810,62848,4.1
City of Taguig,1308085,1296543,355385,3.6
City of Valenzuela,725173,723638,206793,3.5
City of Zamboanga,1018849,1006757,276501,3.6
Cotabato (North Cotabato),1286142,1284902,338157,3.8
Cotabato City,1286142,1284902,338157,3.8
Davao Del Sur (Excluding City of Davao),705129,703230,206132,3.4
Davao Occidental,317598,317300,88084,3.6
Davao Oriental,590042,589126,161976,3.6
Davao de Oro (Compostela Valley),783775,782265,209252,3.7
Davao del Norte,1143931,1131841,304382,3.7
Dinagat Islands,120533,120330,31496,3.8
Eastern Samar,472683,471669,120403,3.9
Guimaras,192874,192475,50129,3.8
Ifugao,208668,208509,53784,3.9
Ilocos Norte,618850,617096,167814,3.7
Ilocos Sur,709991,709215,186223,3.8
Iloilo (Excluding City of Iloilo),2082616,2078051,542613,3.8
Iloilo (Excluding City of Iloilo),473728,471277,110959,4.2
Isabela,1733048,1730842,460261,3.8
Isabela,151297,150686,34129,4.4
Kalinga,235391,235202,55291,4.3
La Union,825072,823442,223792,3.7
Laguna,3687345,3677666,1129184,3.3
Lanao Del Norte (Excluding City of Iligan),761725,761122,181725,4.2
Lanao del Sur,1368137,1367024,241749,5.7
Leyte (Excluding City of Tacloban),1823458,1816736,475364,3.8
Maguindanao del Norte,1124811,1124013,263714,4.3
Maguindanao del Sur,813243,813004,173219,4.7
Marinduque,226522,226266,60264,3.8
Masbate,910813,910079,220949,4.1
Misamis Occidental,621993,620686,160406,3.9
Misamis Oriental (Excluding City of Cagayan de Oro),988065,986743,251740,3.9
Mountain Province,149775,149353,40052,3.7
Negros Occidental (Excluding City of Bacolod),2680477,2674231,731952,3.7
Negros Oriental,1492038,1486507,388761,3.8
Northern Samar,645789,642854,150193,4.3
Nueva Ecija,2395816,2393234,674461,3.5
Nueva Vizcaya,530106,528039,140670,3.8
Occidental Mindoro,511417,506821,131118,3.9
Oriental Mindoro,919504,917852,235504,3.9
Palawan (Excluding City of Puerto Princesa),968795,966836,246439,3.9
Pampanga (Excluding City of Angeles),2586446,2579251,643873,4.0
Pangasinan,3188540,3184861,873831,3.6
Pasay City,453186,449827,134259,3.4
Pateros,67319,67157,17626,3.8
Quezon (Excluding City of Lucena),3084270,3072127,808335,3.8
Quezon (Excluding City of Lucena),1980338,1976657,522695,3.8
Quezon City,3084270,3072127,808335,3.8
Quezon City,1980338,1976657,522695,3.8
Quirino,210841,210616,53373,3.9
Rizal,3416541,3406109,948077,3.6
Romblon,302824,301921,81117,3.7
Samar (Western Samar),806179,804656,195382,4.1
Sarangani,580915,580384,148375,3.9
Siquijor,107642,107057,27711,3.9
Sorsogon,845066,844122,208426,4.0
South Cotabato (Excluding City of General Santos),1010009,1006296,277245,3.6
Special Geographic Area,214703,214543,51941,4.1
Sultan Kudarat,863651,862011,226000,3.8
Sulu,1146097,1141115,190255,6.0
Surigao del Norte,565644,564031,138729,4.1
Surigao del Sur,648858,646121,157033,4.1
Tarlac,1568162,1564206,401898,3.9
Tawi-Tawi,482645,478126,82218,5.8
Zambales (Excluding City of Olongapo),681225,680047,180830,3.8
Zamboanga Del Sur (Excluding City of Zamboanga),1045126,1043340,267689,3.9
Zamboanga Sibugay,661498,660340,156635,4.2
Zamboanga del Norte,1067067,1065769,292347,3.6
